,Unnamed: 0,id,track,artist,lyrics,lang
0,1,2AaaE0qvFWtyT8srKNfRhH,Komang,Raim Laode,"Dari kejauhan, tergambar cerita tentang kita
Terpisah jarak dan waktu
Ingin kuungkapkan rindu lewat kata indah
Tak cukup untuk dirimu

Sebab kau terlalu indah dari sekedar kata
Dunia berhenti sejenak menikmati indahmu

Dan apabila tak bersamamu
Kupastikan kujalani dunia tak seindah kemarin
Sederhana, tertawamu sudah cukup
Lengkapi sempurnanya hidup bersamamu

Jika hari kulalui tanpa hawamu
Percuma senyumku dengan dia, oh

Dan apabila tak bersamamu
Kupastikan kujalani dunia tak seindah kemarin
Sederhana, tertawamu sudah cukup
Lengkapi sempurnanya hidup bersamamu

Apabila tak bersamamu
Kupastikan kujalani dunia tak seindah kemarin
Sederhana, tertawamu sudah cukup
Lengkapi sempurnanya hidup bersamamu

Hu-uh-uh
Hu, hu-uh-uh

Sebab kau terlalu indah dari sekedar kata
Dunia berhenti sejenak menikmati indahmu",id
1,2,6dXiWwFrcGieqnoLYzPNp5,Sial,Mahalini,"Sampai saat ini tak terpikir olehku
Aku pernah beri rasa pada orang sepertimu
Seandainya sejak awal tak kuyakinkan diriku
Tutur kata yang sempurna, tak sebaik yang kukira

Andai ku tahu semua akan sia-sia
Takkan kut'rima cinta sesaatmu

Bagaimana dengan aku terlanjur mencintaimu?
Yang datang beri harapan, lalu pergi dan menghilang
Tak terpikirkan olehmu, hatiku hancur kar'namu
Tanpa sedikit alasan, pergi tanpa berpamitan
Takkan kut'rima cinta sesaatmu

Seandainya sejak awal tak kuyakinkan diriku
Tutur kata yang sempurna, tak sebaik yang kukira

Andai ku tahu semua akan sia-sia
Takkan kut'rima cinta sesaatmu

Bagaimana dengan aku terlanjur mencintaimu?
Yang datang beri harapan, lalu pergi dan menghilang
Tak terpikirkan olehmu, hatiku hancur kar'namu
Tanpa sedikit alasan, pergi tanpa berpamitan
Takkan kut'rima cinta sesaatmu

Sial-sialnya ku bertemu dengan cinta semu (semu)
Tertipu tutur dan caramu
Seolah cintaiku (cintaiku)
Puas kaucurangi aku?

Bagaimana dengan aku terlanjur mencintaimu? (Cintaimu)
Yang datang beri harapan, lalu pergi dan menghilang
Tak terpikirkan olehmu, hatiku hancur kar'namu
Tanpa sedikit alasan, pergi tanpa berpamitan
Takkan kut'rima cinta sesaatmu",id
2,3,1ixNEKbIZTTZ5LIz3rr9jD,Cintamu Sepahit Topi Miring,Jogja Hip Hop Foundation,"Sengkuni leda-lede
Mimpin baris ngarep dhewe
Eh barisane menggok
Sengkuni kok malah ndheprok

Nong (ee), nong ji, nong ro
Nong (ee), nong ji, nong ro
Nong (ee), nong ji, nong ro
Nong (ee), nong ji, nong ro

Senja di desa Baron
Matahari tenggelam di dalam kemaron
Lembu betina lari melompat-lompat
Dikejar-kejar anaknya yang kecil meloncat

Senja lucu dengan kasih sayang ibu dan anak
Langit senja mengandung sapi beranak
Terpesona Ranto melihat, ia tertawa bergelak
Dan berubah jadi Ranto Gudel, sang pelawak

Dadi Marmoyo, di panggung ketoprak
Ranto Gudel, meminum arak
Terendam di dalam ciu
Birahinya berubah jadi biru

Diajaknya Nyai Dasima bercinta
Dengan cinta sepahit Topi Miringnya
Layar dibuka, turun hujan gembukan
Dewi Mlenuk gembuk datang

Membawa seguling roti cakwe
Marmoyo rebah terguling tidur
Di pangkuan Nyai Dasima
Yang sekeras ciu cangkol buah dadanya

Ke mana Ranto Gudel pergi
Panggung selalu harum dengan arak yang wangi
Di Sriwedari jadi petruk
Garengnya diajak mabuk
Bagongnya menggeloyor
Semar jualan ciu cangkol
Dengan terang lampu semprong
Pak Mloyo memukul kenong
Nong ji, nong ro nong ji nong

Sengkuni leda-lede
Mimpin baris ngarep dhewe
Eh barisane menggok
Sengkuni kok malah ndheprok

Nong (ee), nong ji, nong ro
Nong (ee), nong ji, nong ro
Nong (ee), nong ji, nong ro
Nong (ee), nong ji, nong ro

Giginya ompong menggerong
Ranto Gudel Mendehem nyungsep
Thuyul gundhul ke sana-sini mengempit gendul
Gendruwo thela-thelo, tampak loyo
Jrangkong jalannya miring-miring, eh dhoyong

Belum selesai menabuh nong ji, nong ro
Pak Mloyo terguling ke Bengawan Solo
Dengan irama alunan nong ji, nong ro
Pak Mloyo pulang, jalannya geloyoran

Sengkuni leda-lede
Mimpin baris ngarep dhewe
Eh barisane menggok
Sengkuni kok malah ndheprok

Ranto Gudel meminum arak bekonang
Mengantar gadis pulang, berdandan bidan
Roknya putih, bajunya putih
Serba putih, lebih daripada peri

Tiba di pinggir kali
Ranto Gudel diajak belok ke kiri
Dhemit elek a'u tenan!
Ngumpat Ranto Gudel geram

Ia marah, terendam arak bekonang
Hampir saja aku bercinta dengan setan
Cinta manusia seperti Umbul Penggung
Dulu bening, sekarang keruh
Ranto Gudel dengan empat istrinya
Tak pernah abadi cintanya

Sengkuni leda-lede
Mimpin baris ngarep dhewe
Eh barisane menggok
Sengkuni kok malah ndheprok

Nong (ee), nong ji, nong ro
Nong (ee), nong ji, nong ro
Nong (ee), nong ji, nong ro
Nong (ee), nong ji, nong ro

Memang enak jadi wedhus daripada manusia
Bila mati dikubur di gundukan tanah
Kepalanya dikencingi wedhus yang merumput
Nasib manusia, hanya sengsara,

Oh mengapa kita mesti bersusah?
Coba hiduplah seperti Ki Joko Lelur
Siangnya melamun meminum limun
Malam beranjak bangun, minum berminum

Lapen ciu cangkol arak bekonang dituang
Botol cangkol dipasangnya di setiap sudut rumah
Apa guna 'tuk takut tikus-tikus rupanya

Oh mengenang bayangan di masa tuanya
Ciu cangkol hanyalah spiritus tuk usir tikus
Padahal dulu ku meminumnya sampai mampus

Sengkuni leda-lede
Mimpin baris ngarep dhewe
Eh barisane menggok
Sengkuni kok malah ndheprok

Nong (ee), nong ji, nong ro
Nong (ee), nong ji, nong ro
Nong (ee), nong ji, nong ro
Nong (ee), nong ji, nong ro

Sengkuni leda-lede
Mimpin baris ngarep dhewe
Eh barisane menggok
Sengkuni kok malah ndheprok

Nong (ee), nong ji, nong ro
Nong (ee), nong ji, nong ro
Nong (ee), nong ji, nong ro
Nong (ee), nong ji, nong ro",id
3,4,1Qrg8KqiBpW07V7PNxwwwL,Kill Bill,SZA,"I′m still a fan even though I was salty
Hate to see you with some other broad, know you happy
Hate to see you happy if I'm not the one driving

I′m so mature, I'm so mature
I'm so mature, I got me a therapist to tell me there′s other men
I don′t want none, I just want you
If I can't have you, no one should
I might

I might kill my ex, not the best idea
His new girlfriend′s next, how'd I get here?
I might kill my ex, I still love him though
Rather be in jail than alone

I get the sense that it′s a lost cause
I get the sense that you might really love her
The text gon' be evidence, this text is evidence
I tried to ration with you, no murders or crimes of passion, but damn

You was out of reach
You was at the farmer′s market with your perfect peach
Now I'm in the basement, planning home invasion
Now you laying face-down, got me singing over a beat

I'm so mature, I′m so mature
I′m so mature, I got me a therapist to tell me there's other men
I don′t want none, I just want you
If I can't have you, no one will
(I might)

I might kill my ex, not the best idea
His new girlfriend′s next, how'd I get here?
I might kill my ex, I still love him though
Rather be in jail than alone

I did it all for love (love)
I did it all on no drugs (drugs)
I did all of this sober
I did it all for us, oh

I did it all for love (love)
I did it all of this on no drugs (drugs)
I did all of this sober
Don′t you know I did it all for us? (I'll kill your ass tonight)

Uh, I just killed my ex (my ex)
Not the best idea (idea)
Killed his girlfriend next, how'd I get here?
I just killed my ex (my ex)
I still love him, though (I do)
Rather be in Hell than alone",en
4,5,3N2WeXxSjngB1DSi8vrI8C,Muak,Aruma,"Temanku bilang aku
Akan baik-baik saja
Nyatanya sulit aku
Sembuh dari yang lalu

Awal menggebu-gebu
Ujungnya semua rancu

Tahukah sakit yang tak terobati
Belum sempat sembuh tertikam lagi?
Muak
Aku muak

Katanya cinta sedalam samudra
Bohong, nyata kita berakhir juga
Muak
Aku muak

Lautan diseb′rangi (lautan diseb'rangi)
Alang-alang berduri dilewati
Kiasan penuh makna tentang cinta
Sudah tak mempan lagi

Awal menggebu-gebu
Ujungnya semua rancu

Tahukah sakit yang tak terobati (sakit)
Belum sempat sembuh tertikam lagi?
Muak
Aku muak

Katanya cinta sedalam samudra (samudra)
Bohong, nyata kita berakhir juga
Muak
Aku muak

Hu-uh-uh-uh-uh

Tahukah sakit yang tak terobati (sakit)
Belum sempat sembuh tertikam lagi?
Muak
Aku muak

Katanya cinta sedalam samudra (samudra)
Bohong, nyata kita berakhir juga
Muak
Aku muak

Bila ujungnya berakhir juga
Aku muak, oh-oh-oh
Aku muak",id
5,6,78Sw5GDo6AlGwTwanjXbGh,Here With Me,d4vd,"Watch the sunrise along the coast
As we′re both getting old
I can't describe what I′m feeling
And all I know is we're going home
So please don't let me go, oh
Don′t let me go, oh-oh-oh

And if it′s right
I don't care how long it takes
As long as I′m with you
I've got a smile on my face
Save your tears, it′ll be okay
All I know is you're here with me
Oh, oh, oh, oh-oh-oh-oh-oh

Watch the sunrise as we′re getting old, oh-oh
I can't describe, whoa-oh
I wish I could live through every memory again
Just one more time before we float off in the wind

And all the time we spent
Waiting for the light to take us in
Have been the greatest moments of my life

I don't care how long it takes
As long as I′m with you, I′ve got a smile on my face
Save your tears, it'll be okay, ay, ay, ay, ay, ay-ay-ay-ay

Yeah, if with me
Oh, oh, oh, oh-oh-oh-oh-oh
I can′t describe, oh, oh",en
6,7,3i0h88q1HBtbdIg2bPxs54,Tertawan Hati,Awdella,"Uh-uh-uh-uh

Sudah kucoba sepenuh hati
Untuk menjadi malaikat
Menepikan perasaan, runtuhkan egoku
Namun, sayapku remuk

Bila kutanya pada diriku
Mengapa aku bertahan?
Menerima keadaan yang tak baik saja
Memaksakan segalanya

Sakit, tak sanggup
Sadarkah kita terlalu hancur?
Hilang, habis tak bersisa
Tapi tak mampu ku menyerah
Tertawan hati

Ho-oh-uh-oh

Tak mau kehilangan, tapi lelah berjuang
Bukankah rumah tempatku bersandar?
Sendiri ku tak bisa, bersama ku tersiksa
Ini kenyataannya, kita tak baik saja

Sakit, tak sanggup
Sadarkah kita terlalu hancur?
Hilang, habis tak bersisa
Tapi tak mampu ku menyerah
Tertawan hati

(Sakit, tak sanggup) Ho-oh-oh
(Sadarkah) Ho-oh, kita terlalu hancur
Hilang, habis tak bersisa
Tapi tak mampu ku menyerah, ho-wo-wo

Tak mampu ku menyerah
Tertawan hati
He-hm-mm",id
7,8,7nQoDLkzCcoIpKPQt3eCdN,Kau Rumahku,raissa anggiani,"Bagaikan sungai yang tak punya malu
Mengalir meskipun terancam surut
Lalu (hmm), kakimu melangkah ke rumahku
Setengah melirik, mencoba rayu

Apa yang kau inginkan
Dari senyumku, ya tuan?

Gemar sekali kau lukiskan bintang untukku
Sungguh lihai tanganmu menata kembali hati
Yang hampir mati
′Kan ku letakkan hangat di tengah dekap kita

Jangan biarkan ku pulang
Ke rumah yang bukan engkau

Bicarakan tentang seisi dunia
Perlahan mendekat, bisikkan cinta
Membuatku terlena
Ke dalam pesona sukma yang begitu indah

Apa yang kau inginkan
Dari senyumku, ya tuan?
Ohh

Gemar sekali kau lukiskan bintang untukku

Sungguh lihai tanganmu menata kembali hati
Yang hampir mati
'Kan ku letakkan hangat di tengah dekap kita
Jangan biarkan ku pulang
Ke rumah yang bukan engkau

Jika mampu ku menjelajahi langit
′Kan ku petik pelangi 'tuk warnai harimu
Jangan khawatir, masih ada aku
Jangan khawatir, masih ada aku

Gemas sekali kau lukiskan bintang untukku

Sungguh lihai tanganmu menata kembali hati
Yang hampir mati
'Kan ku letakkan hangat di tengah dekap kita

′Kan aku persilahkan kau menetap di sini",id
8,9,4W4fNrZYkobj539TOWsLO2,Die For You (with Ariana Grande) - Remix,The Weeknd,"I′m findin' ways to articulate the feelin′ I'm goin' through
I just can′t say I don′t love you (yeah)
'Cause I love you, yeah
It′s hard for me to communicate the thoughts that I hold
But tonight, I'm gon′ let you know
Let me tell the truth
Baby, let me tell the truth, yeah

You know what I'm thinkin′, see it in your eyes
You hate that you want me, hate it when you cry
You're scared to be lonely, 'specially in the night
I′m scared that I′ll miss you, happens every time
I don't want this feelin′, I can't afford love
I try to find reason to pull us apart
It ain′t workin' ′cause you're perfеct
And I know that you're worth it
I can′t walk away (hey)

Even though we′rе goin' through it (ah, ah)
And it makes you feel alone
Just know that I would die for you (ooh, ooh)
Baby, I would die for you, yeah
The distance and the time between us (distance and the time)
It′ll never change my mind 'cause
Baby, I would die for you (I would die for you)
Baby, I would die for you, yeah

I′m finding ways to stay concentrated on what I gotta do
But baby boy, it's so hard ′round you
And yes, I'm blaming you
And you know I can't fake it, now or never
And you insinuating that you think we might be better
Better me and you
Yeah, I know you do, ooh-ooh-ooh

You know what I′m thinkin′, see it in your eyes
You hate that you want me, hate it when you cry
It ain't workin′ 'cause you′re perfect (mm)
And I know that you deserve it
I can't walk away

Even though we′re goin' through it
And it makes you (me) feel alone
Just know that I would die for you (I would die for you)
Baby, I would die for you, yeah
The distance and the time between us
It'll never change my mind ′cause
Baby, I would die for you (I would die for you, uh)
Baby, I would die for you, yeah (I would die for you)

I would die for you, I would lie for you
Keep it real with you, I would kill for you, my baby
I′m just sayin', yeah
I would die for you, I would lie for you
Keep it real with you, I would kill for you, my baby
Na-na-na, na-na-na, na-na (ooh)

Even though we′re goin' through it (ooh)
And it makes you feel alone (no, no)
Just know that I would die for you (no)
Baby, I would die for you, yeah
The distance and the time between us (ooh)
It′ll never change my mind 'cause (na-na)
Baby, I would die for you (no)
Baby, I would die for you, yeah (oh, babe)",en
9,10,6Hii26x3qDErVitnGW8QtO,Runtuh,Feby Putri,"Ku terbangun lagi
Di antara sepi
Hanya pikiran yang ramai
Mengutuki diri
Tak bisa kembali
′Tuk mengubah alur kisah

Ketika mereka meminta tawa
Ternyata rela tak semudah kata

Tak perlu khawatir, ku hanya terluka
Terbiasa 'tuk pura-pura tertawa
Namun bolehkah s′kali saja ku menangis?
Sebelum kembali membohongi diri

Ketika kau lelah
Berhentilah dulu
Beri ruang, beri waktu

Mereka bilang, ""Syukurilah saja""
Padahal rela tak semudah kata

Tak perlu khawatir, ku hanya terluka
Terbiasa 'tuk pura-pura tertawa
Namun bolehkah s'kali saja ku menangis?
Sebelum kembali membohongi diri

Ha, ha, ha-ah
Ha, ha, ha-ah
Ha, ha, ha-ah-oh

Kita hanyalah manusia yang terluka
Terbiasa ′tuk pura-pura tertawa
Namun bolehkah sekali saja ku menangis?
Ku tak ingin lagi membohongi diri

Ku ingin belajar menerima diri",id
10,11,50x1Ic8CaXkYNvjmxe3WXy,Those Eyes,New West,"When we′re out in a crowd laughing loud
And nobody knows why
When we're lost at a club, getting drunk
And you give me that smile
Going home in the back of a car
And your hand touches mine
When we′re done making love
And you look up and give me those eyes

'Cause all of the small things that you do
Are what remind me why I fell for you
And when we're apart, and I′m missing you
I close my eyes and all I see is you
And the small things you do

When you call me at night while you′re out
Getting high with your friends (high with your friends)
Every ""hi"", every ""bye"", every ""I love you"" you've ever said
(You′ve ever said)

'Cause all of the small things that you do
Are what remind me why I fell for you
And when we′re apart, and I'm missing you
I close my eyes and all I see is you
And the small things you do

When we′re done making love
And you look up and give me those eyes

'Cause all of the small things that you do
Are what remind me why I fell for you
And when we're apart, and I′m missing you
I close my eyes and all I see is you
And all I see is you and the small things you do

All the small things you do",en
11,12,2bdVgAQgosGUJoViVDNeOV,LIMBO,keshi,"I′ve just been goin' through motions, back and forth like a ocean
I am a fraud, I am the shit, hoping that nobody notice
Bang chest in the morning, head down in the night
Drink less if I wanted, strike up with a light

And square up, I′m the mightiest
Myself in the fight, hurt twice, but I tried it
No advice for this shit, might die for this shit
Do I feel alive, feel alive, feel alive?

Feel more like limbo, hands out my window
Chasin' that sunset, that's more my tempo
Yeah, that′s more my tempo

Ooh, but this is all that I am
I only show you the best of me
The best of me

Looked in my demons and saw myself
Put all my meaning in someone else
Outta sight, outta mind, don′t know where to find it
Don't know where to hide, but I still

Eat good, drink good, feel good, it′s all good
Can't hear my head when I′m sat beside ya
Fucked lungs and a liver, good looks in the mirror
Do I feel alive, feel alive, feel alive?

Feel more like limbo, hands out my window
Chasin' that sunset, that′s more my tempo
That's more my tempo

(Keshi) ooh, but this is all that I am
I'll only show you the best of me
The best of me

Ooh, tryin′, but I′m just a man
Hopin' it won′t get the best of me
The best of me",en
12,13,29lBFGkfr7EoJlb3lxi9Ij,Menyesal,Yovie Widianto,"Semula, ku tak yakin
Kaulakukan ini padaku
Meski di hati merasa
Kau berubah saat kau mengenal dia

Bila cinta tak lagi untukku
Bila hati tak lagi padaku
Mengapa harus dia yang merebut dirimu? Ho-oh
Bila aku tak baik untukmu
Dan bila dia bahagia dirimu
Aku ′kan pergi meski hati tak akan rela

Ha-ah-ha

Terkadang ku menyesal
Mengapa kukenalkan dia padamu?

Bila cinta tak lagi untukku
Bila hati tak lagi padaku
Mengapa harus dia yang merebut dirimu? Ho-oh
Bila aku tak baik untukmu
Dan bila dia bahagia dirimu
Aku 'kan pergi meski hati tak akan rela

Uh-hu-oh
Uh-uh-uh (uh-uh)
Uh-uh (ho-ho)

Bila cinta tak lagi untukku (bila cinta)
Bila hati tak lagi padaku (tak lagi untukku)
Mengapa harus (mengapa harus)
Dia merebut dirimu? (Ho-oh-oh) ho-oh-oh

Bila aku tak baik untukmu
Dan bila dia bahagia dirimu
Aku ′kan pergi meski hati tak akan rela

Terkadang ku menyesal
Mengapa kukenalkan dia padamu?
Ha-ha-ah (hu-oh)",id
13,14,26cvTWJq2E1QqN4jyH2OTU,Tak Segampang Itu,Anggi Marito,"Waktu demi waktu, hari demi hari
Sadar ku t'lah sendiri
Kau t'lah pergi jauh, tinggalkan diriku
Ternyata ku rindu

Senyuman yang s'lalu membungkus hati yang terluka
Di depan mereka
Tuhan masih pantaskah ku 'tuk bersamanya?
Kar'na hati ini inginkannya

Tak segampang itu, ku mencari penggantimu
Tak segampang itu, ku menemukan sosok seperti dirimu, Cinta
Kau tahu betapa besar cinta yang kutanamkan padamu
Mengapa kau memilih untuk berpisah?

Ho-oh, terlalu besar kutaruh harapan pada dirimu
Itu alasanku lama tanpa dirimu, wo-oh
Mereka yang bilang, ku akan dapat lebih darimu
Tak mungkin, semua itu tak mudah, ho-oh

(Ku mencari penggantimu)
Tak segampang itu, ku menemukan sosok seperti dirimu
Oo-oh, Cinta
Kau tahu betapa besar cinta yang kutanamkan padamu
Mengapa kau memilih untuk berpisah?

(Ku mencari penggantimu) ho-oo-oh
Sosok seperti dirimu, Cinta
Kau tahu betapa besar cinta yang kutanamkan padamu
Mengapa kau memilih untuk berpisah?

Kau memilih untuk berpisah",id
14,15,3r8RuvgbX9s7ammBn07D3W,Ditto,NewJeans,"우-우, 우-우

우-우, 우-우

Stay in the middle, like you a little
Don′t want no riddle, 말해줘, say it back
Oh, say it ditto, 아침은 너무 멀어
So say it ditto

훌쩍 커버렸어, 함께한 기억처럼
널 보는 내 마음은, 어느새 여름 지나 가을
기다렸지 all this time

Do you want somebody like I want somebody?
날 보고 웃었지만 do you think about me now, yeah?
All the time, yeah? All the time?

I got no time to lose
내 길었던 하루, 난 보고 싶어
라타타타, 울린 심장 (라타타타)

I got nothing to lose
널 좋아한다고, ooh-whoa, ooh-whoa, ooh-whoa
라타타타, 울린 심장 (라타타타)
But I don't want to

Stay in the middle, like you a little
Don′t want no riddle, 말해줘, say it back
Oh, say it ditto, 아침은 너무 멀어
So say it ditto

I don't want to walk in this 미로
다 아는 건 아니어도, 바라던 대로
말해줘, say it back, oh, say it ditto
I want you so, want you, so say it ditto

Not just anybody, 너를 상상했지
항상 닿아있던, 처음 느낌 그대로 난
기다렸지 all this time

I got nothing to lose
널 좋아한다고, ooh-whoa, ooh-whoa, ooh-whoa
라타타타, 울린 심장 (라타타타)
But I don't want to

Stay in the middle, like you a little
Don′t want no riddle, 말해줘, say it back
Oh, say it ditto, 아침은 너무 멀어
So say it ditto

I don′t want to walk in this 미로
다 아는 건 아니어도, 바라던 대로
말해줘, say it back, oh, say it ditto
I want you so, want you, so say it ditto

우-우, 우-우
우-우, 우-우",en
15,16,65FftemJ1DbbZ45DUfHJXE,OMG,NewJeans,"이 노래는, it′s about you, baby
Only you
You, you, you, you, you, you, you

내가 힘들 때 울 것 같을 때
기운도 이젠 나지 않을 때
(It's you) 날 걱정하네, (it′s you) 날 웃게하네
말 안 해도 돼, boy, what do you say?

(They keep on asking me, ""who is he?"")
멀리든 언제든지 달려와
(They keep on asking me, ""who is he?"")
바쁜 척도 없이 넌 나타나
(They keep on asking me, ""who is he?"")
""이게 말이 되니?"" 난 물어봐
(They keep on asking me, ""who is he?"")
너는 말야, he's the one that's living in my system, baby

Oh my, oh my God! 예상했어 나
I was really hoping that he will come through
Oh my, oh my God! 단 너뿐이야
Asking all the time about what I should do

No, I can never let him go, 너만 생각나 24
난 행운아야 정말로, I know, I know
널 알기 전까지는 나, 의미 없었어 전부 다
내 맘이 끝이 없는 걸, I know, I know
I′m going crazy, right?

어디서든, 몇 번이든
There ain′t nothing else that I would hold on to
I hear his voice through all the noise
잠시라도 내 손 놓지 마, no, no
걱정 없잖아 'cause I got someone
혼자라도 괜찮아 ′cause I love someone

(They keep on asking me, ""who is he?"")
멀리든 언제든지 달려와
(They keep on asking me, ""who is he?"")
바쁜 척도 없이 넌 나타나
(They keep on asking me, ""who is he?"")
""이게 말이 되니?"" 난 물어봐
(They keep on asking me, ""who is he?"")
너는 말야, he's the one that′s living in my system, baby

Oh my, oh my God! 예상했어 나
I was really hoping that he will come through
Oh my, oh my God! 단 너뿐이야
Asking all the time about what I should do

No, I can never let him go, 너만 생각나 24
난 행운아야 정말로, I know, I know
널 알기 전까지는 나, 의미 없었어 전부 다
내 맘이 끝이 없는 걸, I know, I know
He's the one that′s living in my system, baby

Baby, baby
Bab-baby (I'm going crazy, right?)
Baby, baby (I'm going crazy, right?)
Bab-baby (너와 나)

My heart is glowing, it′s glowing up (glowing up)
너랑만 있으면 무서울 게 없어 (glowing up)
가득 메워진, 다 메워진 (붉어진)
My heart is glowing, it′d be glowing ('cause he!)

Oh my, oh my God! 예상했어 나
I was really hoping that he will come through
Oh my, oh my God! 단 너뿐이야
Asking all the time about what I should do (너와 나)

No, I can never let him go, he′s right there for me, 24
난 행운아야 정말로, I know, I know (너와 나)
널 알기 전까지는 나, 의미 없었어 전부 다, 어떡해
My heart is glowing, it's glowing
My heart is glowing up, so I can′t sleep at night",en
16,17,0PtJbtW50jcvvswNPn3QGd,Serana,For Revenge,"Di setiap masa yang telah kulewati
Meluap bersama kisah tak terganti
Senja mulai membiru, menunggu yang berlalu
Haru air mata menyela, iringi rindunya

Jika ku merasa sepi
Kembalilah ke tempatku menanti
Sebelum waktu menuntut mati

(Ha-ah-oh-oh)
(Ha-ah-oh-oh)
(Ha-ah-oh-oh)
(Ha-ah-oh-oh)

Beri tahu aku cara melupakanmu
Seperti kauajarkanku dewasa
Beri tahu aku cara merelakanmu
Seperti kauajarkanku bahagia

(Ah-ah-oh-oh)
(Ha-ah-oh-oh)

Biarkanku menepi jika kau akan kembali
Dan yakinkanku bahwa kau t′lah temukan yang kaucari
Izinkanku membenci pada sang pengganti
Dan yakinkanku bahwa kau t'lah temukan yang kaucari

Beri tahu aku cara melupakanmu
Seperti kauajarkanku dewasa
Beri tahu aku cara merelakanmu
Seperti kauajarkanku bahagia

Beri tahu aku cara melupakanmu
Seperti kauajarkanku dewasa
Beri tahu aku cara merelakanmu
Seperti kauajarkanku untuk s′lalu sempurna",id
17,18,3TFdXrYIubXABQh0CxIiSs,Asmalibrasi,Soegi Bornean,"Asmara telah terkalibrasi frekuensi yang sama
Saatnya 'tuk mengikat janji merangkum indahnya
Laras rasa nihil ragu
Biar, biarlah merayu di ruang biru
Bias kita jadi taksu gairah kalbu mendayu
Sabda diramu

Jadikan hanya aku satu-satunya
Sang garwa pambage, sang pelipur lara
Nyanyikan 'ku kidung setia

Jadikan hanya aku satu-satunya
Sang garwa pambage, sang pelipur lara
Nyanyikan 'ku kidung setia

Kini saatnya merangkai binar asmara
Melebur 'tuk satukan ego dalam indahnya

Berdansa dalam bahtera mahligai rasa
Merajut ketulusan jiwa
Mengabdi dalam indahnya kalbu
Mengukir ruang renjana selamanya

Jadikan hanya aku satu-satunya
Sang garwa pambage, sang pelipur lara
Nyanyikan 'ku kidung setia

Jadikan hanya aku satu-satunya
Sang garwa pambage, sang pelipur lara
Nyanyikan 'ku kidung setia

Berdansa dalam bahtera mahligai rasa
Merajut ketulusan jiwa
Mengabdi dalam indahnya kalbu
Mengukir ruang renjana selamanya

Jadikan hanya aku satu-satunya
Sang garwa pambage, sang pelipur lara
Nyanyikan 'ku kidung setia

Jadikan hanya aku satu-satunya
Sang garwa pambage, sang pelipur lara
Nyanyikan 'ku kidung setia

Asmara telah terkalibrasi
Asmara telah terkalibrasi
Dan jadikan 'ku kidung setia

Asmara telah terkalibrasi
Asmara telah terkalibrasi
Dan jadikan 'ku kidung setia",id
18,19,1USA6DXJ1qsucoKnDu4vnu,Tak Kan Hilang,Budi Doremi,"Jangan pergi dari diriku
Tak sanggup harus hidup tanpamu
Kar′na jauh lebih indah
Bila kita bersama
Seperti yang terjadi kemarin

Kini harus aku lewati
Langkah demi langkah yang menyepi
Membalut luka lagi
Yang kutahan hingga kini
Habis sudah nafasku
Menyebutmu namamu, ho-oh

Takkan hilang cintaku padamu
Takkan hilang walau kau memilih pergi
Takkan hilang
Sampai di ujung waktuku
Mencintamu

Tak terganti
Takkan hilang cintaku padamu
Padamu, wo-oh-oh-oh-ho, ho-oh

Takkan hilang cintaku padamu
Takkan hilang walau kau memilih pergi
Takkan hilang
Sampai di ujung waktuku
Takkan hilang

Takkan hilang
Sampai di ujung waktuku

Takkan hilang cintaku padamu
Takkan hilang walau kau memilih pergi
Takkan hilang
Sampai di ujung waktuku
Mencintamu, wo-oh-oh-ho

Ku masih mencintaimu",id
19,20,5MIpcd16T59wFeqAChSYwC,Duka,Last Child,"Kau membunuhku dengan kepedihan ini
Kau hempaskanku ke dalam retaknya hati
Hingga air mata tak mampu ′tuk melukiskan perih
Yang kau ukir dalam hati ini

Kau hancurkan diriku saat engkau pergi
Setelah kau patahkan sayap ini
Hingga ku takkan bisa 'tuk terbang tinggi lagi
Dan mencari bintang yang dapat menggantikanmu

Sampai kini masih kucoba
′Tuk terjaga dari mimpiku
Yang buatku tak sadar bahwa kau bukan lagi milikku
Walau hati tak akan pernah
Dapat melupakan dirimu
Dan tiap tetes air mata yang jatuh, kuatkan rinduku

Pada indah bayangmu, canda tawamu
Pada indahnya duka dalam kenangan kita

Kau hancurkan diriku saat engkau pergi
Setelah kau patahkan sayap ini
Hingga ku takkan bisa 'tuk terbang tinggi lagi
Dan mencari bintang yang dapat menggantikanmu

Sampai kini masih kucoba (masih kucoba)
'Tuk terjaga dari mimpiku
Yang buatku tak sadar bahwa kau bukan lagi milikku
Walau hati tak akan pernah (tak akan pernah)
Dapat melupakan dirimu
Dan tiap tetes air mata yang jatuh, kuatkan rinduku

Pada indah bayangmu, canda tawamu
Pada indahnya duka dalam kenangan kita

Sampai kini masih kucoba (masih kucoba)
′Tuk terjaga dari mimpiku
Yang buatku tak sadar bahwa kau bukan lagi milikku
Walau hati tak akan pernah (tak akan pernah)
Dapat melupakan dirimu
Dan tiap tetes air mata yang jatuh, kuatkan rinduku

Pada indah bayangmu, canda tawamu
Pada indahnya duka dalam kenangan kita",id
20,21,1mruWrUwAVe2XkksUQiaHK,Selamat (Selamat Tinggal),Virgoun,"Di tempat ini
Di tempat pertama aku menemukanmu
Kembali kudatangi tempat ini
Tapi ku dengan yang lain

Samar kudengar
Suara yang s′lalu kukenal itu suaramu
Kau terlihat bahagia bersamanya
Dia kekasihmu yang baru

Aku pun terdiam
Saat gadis kecil berlari ke arahmu
Gadis kecil yang miliki mata indah
Persis seperti matamu

(Dan kau tersenyum) Aku pun tersenyum
Dan kugenggam tangan wanita di sampingku
(Dan kau genggam tangannya dan kau genggam tangannya)
Dan berkata lirih di dalam hati (lirih hati)
Tentang semua ini

Andai dulu kau tak pergi dari hidupku
Takkan mungkin kutemui cinta yang kini kumiliki
Cinta yang menerima kekurangan
Dan merubah caraku memandang dunia

Andai dulu kupaksakan t'rus bersamamu
Belum tentu kisah kita berdua berakhir bahagia
Kisah yang mendewasakan kita berdua
Meski lewat luka

Satu hal yang kini aku mengerti
Meski berat bibir ini mengucap
Akan s′lalu ada kata selamat
Dalam setiap kata selamat tinggal

Andai dulu kau tak pergi dari hidupku (dari hidupmu)
Takkan mungkin kutemui cinta yang kini kumiliki (kumiliki)
Cinta yang menerima kekurangan (dan merubah caraku)
Dan merubah caraku memandang dunia (memandang dunia)

Andai dulu kupaksakan terus bersamamu (untuk terus bersamamu)
Belum tentu kisah kita berdua berakhir bahagia
Kisah yang mendewasakan kita berdua
Meski lewat luka (meski lewat luka)
Meski lewat luka

Satu hal yang kini aku mengerti
Meski berat bibir ini mengucap
Akan s'lalu ada kata selamat
Dalam setiap kata selamat tinggal

Selamat tinggal (selamat tinggal)
Samar kudengar
Di tempat ini
Suara yang selalu kukenal, itu suaramu
(Di tempat pertama aku menemukanmu)",id
21,22,2dIBMHByUGcNPzmYBJ6OAj,Evaluasi,Hindia,"Yang tak bisa terobati
Biarlah
Mengering sendiri
Menghias tubuh dan

Yang mengevaluasi
Ragamu
Hanya kau sendiri
Mereka tak mampu

Melewat yang telah kau lewati
Tiap berganti hari
Rintangan yang kau hadapi

Masalah yang mengeruh
Perasaan yang rapuh
Ini belum separuhnya
Biasa saja
Kamu tak apa

Yang selalu ingin ambil peran
Hanya berlomba menjadi lebih
Sedih dari dirimu

Muak dikesampingkan
Disamakan
Hatimu terluka, sempurna

Masalah yang mengeruh
Perasaan yang rapuh
Ini belum separuhnya
Biasa saja
Kamu tak apa

Perjalanan yang jauh
Kau bangun untuk bertaruh
Hari belum selesai
Biasa saja
Kamu tak apa

Bilas muka, gosok gigi, evaluasi
Tidur sejenak menemui esok pagi
Walau pedih ′ku bersamamu kali ini
'Ku masih ingin melihatmu esok hari

Bilas muka, gosok gigi, evaluasi
Tidur sejenak menemui esok pagi
Walau pedih ′ku bersamamu kali ini
'Ku masih ingin melihatmu esok hari

Bilas muka, gosok gigi, evaluasi
Tidur sejenak menemui esok pagi
Walau pedih 'ku bersamamu kali ini
′Ku masih ingin melihatmu esok hari",id
22,23,3nHxZEe1dT7zs73DG6pNll,Usai,Tiara Andini,"Mungkin inilah waktunya
Mungkin inilah saatnya
Aku mengerti rasa sesal
Saat ada yang pergi menghilang

Kau datang mengukir luka
Yang sayang ′tuk dilupakan
Kau pergi tanpa mengajarkan
Cara 'tuk merelakanmu

Usai sudah semua cerita
Yang t′lah kita ukir berdua
Meninggalkan dirimu adalah
Hal terberat yang harus kujalani

Aku memang kehilangan
Kamu yang sangat kucintai
Namun, kau telah kehilangan
Aku yang sangat mencintaimu

(Ho-oh) uh-oh

Ku akan terus belajar 'tuk melupakan kamu
Yang begitu mudah melupakanku
Ho-oh

Usai sudah semua cerita
Yang t'lah kita ukir berdua
Meninggalkan dirimu adalah
Hal terberat yang harus kujalani

Aku memang kehilangan
Kamu yang sangat kucintai
Namun, kau telah kehilangan
Aku yang sangat mencintaimu

(Usai sudah semua cerita) oh-ho
(Yang t′lah kita ukir berdua) uh-oh-uh-oh
Meninggalkan dirimu adalah
Hal terberat yang harus kujalani

Aku memang kehilangan
Kamu yang sangat kucintai
Namun, kau telah kehilangan
Aku yang sangat mencintaimu, hu-oh

Aku yang sangat mencintaimu",id
23,24,1dQQ2QlnvXUehsRUrukKmf,Right Now,One Direction,"Lights go down, and the night is calling to me, yeah
I hear voices singing songs in the street
And I know that we won′t be going home for so long, for so long
But I know that I won't be on my own, yeah
I love this feeling and

Right now
I wish you were here with me (Oh-ooh)
′Cause right now
Everything is new to me (Oh-ooh)
You know I can't fight the feeling
And every night I feel it
Right now
I wish you were here with me (Oh-ooh)

Late night spaces
With all our friends, you and me, yeah
Love these faces
Just like how it used to be
And we won't be going home
For so long, for so long
But I know, I won′t be on my own
On my own, I′m feeling like

Right now
I wish you were here with me (Oh-ooh)
'Cause right now
Everything is new to me (Oh-ooh)
You know I can′t fight the feeling
And every night I feel it
Right now
I wish you were here with me (Oh-ooh)

And I could do this forever (Woah-oh-oh, woah-oh-oh)
And let's go crazy together (Woah-oh-oh, woah-oh-oh)
Lights go down, and
I hear you calling to me, yeah

Right now
I wish you were here with me (Oh-ooh)
′Cause right now
Everything is new to me (Oh-ooh)
You know I can't fight the feeling
And every night I feel it
Right now
I wish you were here with me (Oh-ooh)",en
24,25,6Iq3sgLVrqqZfRitLaeHkn,Sisa Rasa,Mahalini,"Ha-ah-ah-ah

Melihatmu bahagia, satu hal yang terindah
Anug′rah cinta yang pernah kupunya
Kau buatku percaya ketulusan cinta
Seakan kisah sempurna 'kan tiba

Masih jelas teringat pelukanmu yang hangat
Seakan semua tak mungkin menghilang
Kini hanya kenangan yang telah kau tinggalkan
Tak tersisa lagi waktu bersama

Mengapa masih ada
Sisa rasa di dada
Di saat kau pergi begitu saja?
Mampukah ku bertahan
Tanpa hadirmu, sayang?
Tuhan, sampaikan rindu untuknya (rindu untuknya)

Masih jelas teringat (jelas teringat) pelukanmu yang hangat
Seakan semua tak mungkin menghilang (menghilang)
Kini hanya kenangan yang t′lah kau tinggalkan
Tak tersisa lagi waktu bersama (waktu bersama)

Mengapa masih ada
Sisa rasa di dada
Di saat kau pergi begitu saja? (Begitu saja)
Mampukah ku bertahan
Tanpa hadirmu, sayang?
Tuhan, sampaikan rindu untuknya

(Masih tersimpan) Oh, masih tersimpan
Setiap kеnangan, ho-wo-wo-oh
Semua cinta yang kau beri
Kau takkan terganti

Mеngapa masih ada (masih ada)
Sisa rasa di dada (rasa di dada)
Di saat kau pergi begitu saja?
Mampukah ku bertahan
(Tanpa hadirmu, sayang?)
Tuhan, sampaikan rindu untuknya

Sampaikan rinduku untuknya",id
25,26,4GfK1qOF3uBWidbPlTCQRL,Monokrom,Tulus,"Lembaran foto hitam-putih
Aku coba ingat lagi warna bajumu kala itu
Kali pertama di hidupku
Manusia lain memelukku

Lembaran foto hitam-putih
Aku coba ingat lagi wangi rumah di sore itu
Kue cokelat, balon warna-warni
Pesta hari ulang tahunku

Di mana pun kalian berada
Kukirimkan terima kasih
Untuk warna dalam hidupku dan banyak kenangan indah
Kau melukis aku

Lembaran foto hitam-putih
Kembali teringat malam, kuhitung-hitung bintang
Saat mataku sulit tidur, mm-mm
Suaramu buatku lelap, mm-mm

Di mana pun kalian berada
Kukirimkan terima kasih
Untuk warna dalam hidupku dan banyak kenangan indah
Kau melukis aku

Kita tak pernah tahu
Berapa lama kita diberi waktu
Jika aku pergi lebih dulu, jangan lupakan aku
Ini lagu untukmu, ungkapan terima kasihku

Lembar monokrom hitam-putih
Aku coba ingat warna demi warna di hidupku
Tak akan ku mengenal cinta
Bila bukan kar′na hati baikmu",id
26,27,2hHeGD57S0BcopfVcmehdl,Hati-Hati di Jalan,Tulus,"Perjalanan membawamu
Bertemu denganku, ku bertemu kamu
Sepertimu yang kucari
Konon aku juga s′perti yang kaucari

Kukira kita Asam dan Garam
Dan kita bertemu di Belanga
Kisah yang ternyata tak seindah itu

Kukira kita akan bersama
Begitu banyak yang sama
Latarmu dan latarku

Kukira takkan ada kendala
Kukira ini 'kan mudah
Kau-aku jadi kita

Kasih sayangmu membekas
Redam kini sudah pijar istimewa
Entah apa maksud dunia
Tentang ujung cerita, kita tak bersama

Semoga rindu ini menghilang
Konon katanya waktu sembuhkan
Akan adakah lagi yang sepertimu?

Kukira kita akan bersama
Begitu banyak yang sama
Latarmu dan latarku

Kukira takkan ada kendala
Kukira ini ′kan mudah
Kau-aku jadi kita

Kau melanjutkan perjalananmu
Ku melanjutkan perjalananku
Uh-uh, uh-uh

Kukira kita akan bersama
Begitu banyak yang sama
Latarmu dan latarku

Kukira takkan ada kendala
Kukira ini 'kan mudah
Kau-aku jadi kita
Kukira kita akan bersama

Hati-hati di jalan",id
27,28,22k5lgD5F7Pc7BodEMzDrY,Saat Kau Telah Mengerti,Virgoun,"Nak, bila suatu saat kau dengarkan lagu ini
Dan aku sudah tak ada lagi di sampingmu
Kau akan mengerti
Mengapa begitu menyebalkannya ku di matamu

Nak, jika saat nanti kau telah hidup sendiri
Dan dunia ternyata tak seperti harapanmu
Ku ada di sini
Menjadi rumah yang s′lalu menanti kepulanganmu

Kelak kau 'kan jadi orang tua seperti aku
Yang ingin anakmu bahagia dengan hidupnya

Bila bentakan kecilku patahkan hatimu
Lebih keras dari itu, dunia ′kan menghakimimu
Kubentuk dirimu menjadi engkau hari ini
Kau harus kuat, kau harus hebat
Permata hatiku

Nak, 'kan tiba waktu kau harus tentukan jalanmu
Yang mungkin tak searah dan indah di mataku
'Pabila terjadi
Berjanjilah kau akan s′lalu menjadi dirimu sendiri

Kelak kau ′kan jadi orang tua seperti aku
Yang ingin anakmu berkuasa atas hidupnya

Bila bentakan kecilku patahkan hatimu
Lebih keras dari itu, dunia 'kan menghakimimu
Kubentuk dirimu menjadi engkau hari ini
Kau harus kuat, kau harus hebat
Permata hatiku

Bila bentakan kecilku patahkan hatimu
Lebih keras dari itu, dunia ′kan menghakimimu
Kubentuk dirimu menjadi engkau hari ini
Kau harus kuat, kau harus hebat

Aku adalah jemari dan ibumu penanya
Dan kaulah puisi terindah yang pernah tercipta
Semoga belaian kasihku lembutkan hatimu

Kau harus megah, kau harus indah
Kau harus kuat, kau harus hebat
Permata hatiku",id
28,29,5zsVcDTZEKISPTCLYiTdwb,L,Hal,"Sungguh tak terasa
Sudah tujuh tahun
Rotasi waktu hidupku

Binar mata yang membiru
Hari-hari yang lesu
Aku menunggu kamu

Selalu aku lihat belakang punggungmu
Di saat kau lihat belakang punggung pria lain
Menunggu kau menoleh dan berlari ke arahku
Dan memelukku seerat-eratnya

Sudah aku coba
Untuk menghapusmu
Naifku hanya jelaga

Di rindu pada siapa
Ku masih merasakannya
Kamu masih penyebabnya

Selalu aku lihat belakang punggungmu
Di saat kau lihat belakang punggung pria lain
Menunggu kau menoleh dan berlari ke arahku
Dan memelukku seerat-eratnya

Selalu aku lihat belakang punggungmu
Di saat kau lihat belakang punggung pria lain
Menunggu kau menoleh dan berlari ke arahku
Dan memelukku seerat-eratnya

Mencoba berdamai dengan diriku
Tapi kau s′lalu tahu itu, bagaimana mungkin?
Ketika kau masih jadi satu-satunya alasanku menunggu
Di lini waktuku

Sungguh tak terasa
Sudah tujuh tahun
Habiskan masa mudaku

Hanya untuk membuatmu
Terkesan kepadaku
Begitu bodohnya aku",id
29,30,6raMBnVBIvvUngMLyDdzyP,Rumah Singgah,Fabio Asher,"Saat hatimu terluka
Akulah yang menemanimu
Membasuh air matamu

Namun, mengapa ketika
Hatimu t′lah tersenyum lagi
Aku yang kaulupa?

Tak sadarkah selama ini
Ku juga s'lalu menginginkanmu?

Mengapa sulit
Untuk ku bisa miliki hatimu?
Bahkan s′lama ini
Hadirku tak berharga untukmu

Yang terjadi kini
Ku hanya rumah persinggahanmu di saat kau terluka
Dan di saat semuanya reda
Kau menghilang begitu saja

Jika memang ini tak ada harapan
Mengapa aku yang harus jadi tujuan?
Saat hatimu terluka, aku yang jadi obatnya
Tanpa pernah kauhargai cinta dan kasih yang setulus ini

Mengapa sulit

Mengapa sulit
Untuk ku bisa miliki hatimu?
Bahkan s'lama ini
Hadirku tak berharga untukmu, ho-ho-ho

Yang terjadi kini
Ku hanya rumah persinggahanmu di saat kau terluka
Dan di saat semuanya reda
Kau menghilang begitu saja

Dan di saat semuanya reda
Kau menghilang begitu saja",id
30,31,4z6FksNI6MLCDTHrNJXhO0,Semata Karenamu,Mario G klau,"Apalah arti cinta yang indah
Apalah arti cinta dan sayang
S′lalu terhalang masalah lama
Tentang rasa percaya

Hati yang kujaga s'lalu
Untuk dirimu yang mengeluh
Tentang pribadi yang s′lalu salah
Di pandanganmu, Sayang

Tapi ku tetap t'rus melangkah
Kar'na ku tak mau berpisah
Hilangkan semua
Curiga yang membuat kita t′rus berjarak

Percayalah pada diriku
Ku ′kan s'lalu menjagamu
Hingga akhir hidupku

Malam, bantu aku ′tuk luluhkan dia
Bintang, bantu aku 'tuk tenangkan dia
Dari rasa cemburu, dari rasa curiga
Kar′na hati ini kusimpan hanya untukmu

Tenangkan dirimu, kau terlalu jauh
Sebenarnya, aku tak seburuk itu
Semua perjuanganku di belakang dirimu
Semata kar'na ku tak mampu hidup tanpamu

Ho-uh-oh, tapi ku tetap t′rus melangkah
Kar'na ku tak mau berpisah
Hilangkan semua
Curiga yang membuat kita t'rus berjarak

Percayalah pada diriku
Ku ′kan selalu menjagamu
Ho-oh-oh-uh

Uh-uh-oh-uh-uh

Malam, bantu aku (bantu aku) luluhkan dia (luluhkan dia)
Bintang, bantu aku (bantu aku) ′tuk tenangkan dia
Dari rasa cemburu, dari rasa curiga
Kar'na hati ini kusimpan hanya untukmu

(Tenangkan dirimu, kau terlalu jauh) hu-uh-oh
(Sebenarnya, aku tak seburuk itu) diriku tak seburuk itu
(Semua perjuanganku) di belakang dirimu
Semata kar′na ku tak mampu hidup tanpamu

Semata kar'na ku tak mampu hidup tanpamu",id
31,32,2UgCs0i0rNHUH2jKE5NZHE,Sempurna,Andra & The Backbone,"Kau begitu sempurna
Dimataku kau begitu indah
Kau membuat diriku akan s′lalu memujamu

Disetiap langkahku
Kukan s'lalu memikirkan dirimu
Tak bisa kubayangkan hidupku tanpa cintamu

Janganlah kau tinggalkan diriku
Takkan mampu menghadapi semuaa
Hanya bersamamu ku akan bisa

Kau adalah darahku
Kau adalah jantungku
Kau adalah hidupku
Lengkapi diriku
Oh sayangku, kau begitu
Sempurna, Sempurna...

Kau genggam tanganku
Saat diriku lemah dan terjatuh
Kau bisikkan kata dan hapus semua sesalku

Janganlah kau tinggalkan diriku
Takkan mampu menghadapi semua
Hanya bersamamu ku akan bisa

Kau adalah darahku
Kau adalah jantungku
Kau adalah hidupku
Lengkapi diriku
Oh sayangku, kau begitu
Sempurna, Sempurna...

Janganlah kau tinggalkan diriku
Takkan mampu menghadapi semua
Hanya bersamamu ku akan bisa

Kau adalah darahku
Kau adalah jantungku
Kau adalah hidupku
Lengkapi diriku
Oh sayangku, kau begitu

Kau adalah darahku (darahhku)
Kau adalah jantungku (jantungku)
Kau adalah hidupku (hidupku)
Lengkapi diriku
Oh sayangku, kau begitu
Sayangku, kau begitu
Sempurna, Sempurna...",id
32,33,0bYVPJvXr8ACmw313cVvhB,Tally,BLACKPINK,"I say ""fuck it"" when I feel it
′Cause no-one's keeping tally, I do what I want with who I like
I ain′t gon' conceal it
While you talking all that shit, I'll be getting mine, getting mine

Don′t apologize for my behavior
If you′re offended, I don't care (yeah)
Staring at me ′stead of staring in the mirror
Little weird how

Everybody tells me to play nice
Everybody judge, but looking twice
But my body don't belong to, nah-ah-ah, none of them though
And I′m not gonna change 'cause you say so

I say ""fuck it"" when I feel it
′Cause no-one's keeping tally, I do what I want with who I like
I ain't gon′ conceal it
While you talking all that shit, I′ll be getting mine, getting mine

Yeah, I say ""fuck it"" when I feel it
'Cause no-one′s keeping tally, I do what I want with who I like
And I ain't gon′ conceal it
I'll just do it like the boys say, I′m getting mine, getting mine

Told me to play it cool, I break the rules, I'm breaking hearts in two
Warned me to make the rules, or play the fool, it ain't that hard to choose
Take apart the ""do""′s and ""don′t""s, and lose the ""won't""s, I′m getting mine
Mines is mine, yours is mine, this is mine, get in line

Sometimes, I like to go play dirty
Just like all of the fuck boys do
That's my choice and there′s no one I'm hurting
When that′s not girly

Everybody tells me to play nice
Everybody judge, but looking twice
But my body don't belong to, nah-uh-uh, none of them though
And I'm not gonna change ′cause you say so

I say ""fuck it"" when I feel it
′Cause no-one's keeping tally, I do what I want with who I like
I ain′t gon' conceal it
While you talking all that shit, I′ll be getting mine, getting mine

Yeah, I say ""fuck it"" when I feel it
'Cause no-one′s keeping tally, I do what I want with who I like
And I ain't gon' conceal it
I′ll just do it like the boys say, I′m getting mine, getting mine

Yeah, I say ""fuck it"" when I feel it
And I ain't gon′ conceal it",en
33,34,4gcQ4sBOIX8s510XrNZQUA,Rahmatun Lil’Alameen,Maher Zain,"يا من صلّيتَ بكل الأنبياء
يا من في قلبكَ رحمةٌ للناس
يا من ألّفتَ قلوبًا بالإسلام
يا حبيبي يا شفيعي يا رسول الله

بأُمّي وأَبي
فدَيتُكَ سيِّدي
صلاةٌ وسلامْ
عليكَ يا نبيّ

حبيبي يا محمد
أتيتَ بالسلام والهُدى محمد
حبيبي يا يا محمد
يا رحمةً للعالمينَ يا محمد

يا من حلَّيتَ حياتَنا بالإيمان
يا من بجمالِك علَّمتَ الإحسان
يا من نوَّرتَ قلوبَنا بالقرآن
يا حبيبي يا شفيعي يا رسول الله

بأُمّي وأَبي
فدَيتُكَ سيِّدي
صلاةٌ وسلامْ
عليكَ يا نبيّ

حبيبي يا محمد
أتيتَ بالسلام والهُدى محمد
حبيبي يا يا محمد
يا رحمةً للعالمينَ يا محمد

صلّى الله على
خاتَمِ الأنبياء

محمد محمد
رحمةٌ للعالمين رحمةٌ للعالمين
محمد محمد
رحمةٌ للعالمين رحمةٌ للعالمين
محمد محمد
رحمةٌ للعالمين رحمةٌ للعالمين

حبيبي يا محمد
أتيتَ بالسلام والهُدى محمد
حبيبي يا يا محمد
يا رحمةً للعالمينَ يا محمد

حبيبي يا يا محمد
أتيتَ بالسلام والهُدى محمد
حبيبي يا يا محمد
يا رحمةً للعالمينَ يا محمد",ar
34,35,630DpnzdfjdVqv2yLfPbAX,Bertaut,Nadin Amizah,"Bun, hidup berjalan seperti bajingan
Seperti landak yang tak punya teman

Ia menggonggong bak suara hujan
Dan kau pangeranku, mengambil peran

Bun, kalau saat hancur ku disayang
Apalagi saat ku jadi juara
Saat tak tahu arah kau di sana
Menjadi gagah saat ku tak bisa

Sedikit kujelaskan tentangku dan kamu
Agar seisi dunia tahu

Keras kepalaku sama denganmu
Caraku marah, caraku tersenyum
Seperti detak jantung yang bertaut
Nyawaku nyala karena denganmu

Aku masih ada sampai di sini
Melihatmu kuat setengah mati
Seperti detak jantung yang bertaut
Nyawaku nyala karena denganmu

Bun, aku masih tak mengerti banyak hal
Semuanya berenang di kepala

Dan kau dan semua yang kau tahu tentangnya
Menjadi jawab saat ku bertanya

Sedikit kujelaskan tentangku dan kamu
Agar seisi dunia tahu

Keras kepalaku sama denganmu
Caraku marah, caraku tersenyum
Seperti detak jantung yang bertaut
Nyawaku nyala karena denganmu

Aku masih ada sampai di sini
Melihatmu kuat setengah mati
Seperti detak jantung yang bertaut
Nyawaku nyala karena denganmu

Semoga lama hidupmu di sini
Melihatku berjuang sampai akhir
Seperti detak jantung yang bertaut
Nyawaku nyala karena denganmu",id
35,36,1b0aDgrG775i4sPQgJGmkU,Tak Ingin Usai,Keisya Levronka,"Berdiri
Ku memutar waktu
Teringat
Kamu yang dulu

Ada di sampingku setiap hari
Jadi sandaran ternyaman
Saat ku lemah, saat ku lelah
Ho-wo-wo

Tersadar
Ku tinggal sendiri
Merenungi
Semua yang tak mungkin

Bisa kuputarkan kembali s′perti dulu
Ku bahagia, tapi semuanya hilang tanpa sebab
Kauhentikan semuanya
Ho-oh-oh

Terluka dan menangis, tapi kuterima
Semua keputusan yang telah kaubuat
Satu yang harus kautahu
Ku menanti kau 'tuk kembali

Jujur, ku tak ingin engkau pergi
Tinggalkan semua, usai di sini
Tak tertahan air mata ini
Mengingat semua yang t′lah terjadi

Ku tahu kau pun sama s'perti aku
Tak ingin cinta usai di sini
Tapi mungkin inilah jalannya
Harus berpisah, ho-oh-oh

Terluka dan menangis, tapi kuterima
Semua keputusan yang telah kaubuat
Satu yang harus kautahu
Ku menanti kau 'tuk kembali

(Jujur, ku tak ingin engkau pergi) ho-oh-wo-oh
(Tinggalkan semua, usai di sini) uh-wo-oh
Tinggalkan semua di sini (tak tertahan air mata ini)
(Mengingat semua yang t′lah terjadi)

Ku tahu kau pun sama s′perti aku (sama seperti aku)
Tak ingin cinta usai di sini
Tapi mungkin inilah jalannya
Harus berpisah, ho-oh

Berharap suatu saat nanti
Kau dan aku 'kan bertemu lagi
S′perti yang kauucapkan
S'belum kautinggalkan aku",id
36,37,1ZPVEo8RfmrEz8YAD5n6rW,Lantas,Juicy Luicy,"Lima hari sudah kurindu
Tak bisa ku menghubungimu
Kau sedang dengan dirinya, sedang kita rahasia
Kapankah kau ada waktu sembunyi untuk bertemu?

Baru kausapa, ku tersipu
Kaupuji, lupa amarahku
Karena kau paling tahu cara lemahkan hatiku
Walau tak ada yang pasti, yang kauberi hanya mimpi

Lantas mengapa ku masih menaruh hati?
Padahal ku tahu kau t′lah terikat janji
Keliru ataukah bukan? Tak tahu
Lupakanmu, tapi aku tak mau

Oh-wo-oh

Baru kausapa, ku tersipu (tersipu)
Kaupuji, lupa amarahku
Karena kau paling tahu (paling tahu) cara lemahkan hatiku (hatiku)
Walau tak ada yang pasti, yang kauberi hanya mimpi

Lantas mengapa ku masih menaruh hati?
Padahal ku tahu kau t'lah terikat janji
Keliru ataukah bukan? Tak tahu
Lupakanmu, tapi aku tak mau

Pantaskah aku menyimpan rasa cemburu?
Padahal bukan aku yang memilikimu
Sanggup sampai kapankah? Ku tak tahu
Akankah akal sehat menyadarkanku?

Oh-wo-oh
Uh-uh

Lantas mengapa ku masih menaruh hati?

Lantas mengapa ku masih menaruh hati?
Padahal ku tahu kau t′lah terikat janji
Keliru ataukah bukan? Tak tahu
Lupakanmu, tapi aku tak mau (pantaskah ku)

Pantaskah aku ('tuk menyimpan)
Untuk menyimpan (rasa cemburu?)
Kar'na bukan aku yang milikimu
Sanggup sampai kapankah? Ku tak tahu
Akankah akal sehat menyadarkanku?",id
37,38,1VMtsqCaMNErFRmmvt4exv,Seandainya,Vierra,"Kelak kau ′kan menjalani hidupmu sendiri
Melukai kenangan yang telah kita lalui
Yang tersisa hanya aku sendiri di sini
Kau akan terbang jauh menembus awan
Memulai kisah baru tanpa diriku

Seandainya kau tau ku tak ingin kau pergi
Meninggalkanku sendiri bersama bayanganku
Seandainya kau tau aku 'kan selalu cinta
Jangan kau lupakan kenangan kita selama ini

Kelak kau ′kan menjalani hidupmu sendiri
Melukai kenangan yang telah kita lalui
Kau akan terbang jauh menembus awan
Memulai kisah baru tanpa diriku

Seandainya kau tau ku tak ingin kau pergi
Meninggalkanku sendiri bersama bayanganku
Seandainya kau tau aku 'kan selalu cinta
Jangan kau lupakan kenangan kita selama ini

Selama ini

Seandainya kau tau ku tak ingin kau pergi
Oh-oo
Meninggalkanku sendiri bersama bayanganku
Seandainya kau tau aku 'kan selalu cinta
Jangan kau lupakan kenangan kita selama ini
Ha-aa-oo
Selama ini",id
38,39,3JjnGLK8IxkNLvo8Lb3KOM,18,One Direction,"I got a heart, and I got a soul
Believe me, I will use them both
We made a start
Be it a false one, I know
Baby, I don′t want to feel alone

So kiss me where I lay down
My hands pressed to your cheeks
A long way from the playground

I have loved you since we were 18
Long before we both thought the same thing
To be loved and to be in love
All I can do is say that these arms
Are made for holding you, oh-oh
I wanna love like you made me feel
When we were 18

We took a chance
God knows we tried
Yet all along, I knew we'd be fine
So pour me a drink, oh love
And let′s split the night wide open
And we'll see everything we can
Living love in slow motion, motion, motion

So kiss me where I lay down
My hands pressed to your cheeks
A long way from the playground

I have loved you since we were 18

Long before we both thought the same thing
To be loved and to be in love
And all I can do is say that these arms
Are made for holding you, oh-oh-oh
And I wanna love like you made me feel
When we were 18

When we were 18
Oh, Lord, when we were 18

Kiss me where I lay down
My hands pressed to your cheeks
A long way from the playground
I have loved you since we were 18

Long before we both thought the same thing
To be loved and to be in love

And all I can do is say that these arms
Are made for holding you
And I wanna love like you made me feel
When we were 18
I wanna love like you made me feel
When we were 18
I wanna love like you made me feel
When we were 18",en
39,40,3W4U7TEgILGpq0EmquurtH,Old Love,yuji,"When you were here, the stars disappear
Nothing can outshine the dress that you wear
We should be dancing 'cause girl you look stunning
Let's spend the night together 'till reach the morning

Up and above, never enough
I wanna hold your hand and show what is love
When you are smiling and when you are laughing
We should keep dancing to treasure the feelings

Like it's the old love (it's the old love)
This is the way that we both wanna feel
Under the moonlight we made our first kiss
'Cause this is the moment that you made me feel
Like it's the old love (it's the old love)
Come on and hold me, I want you right here
Stay close to me so you don't feel the fear
I'll never let go 'cause I'm just right here

When I'm with you, it's like déjà vu
I realize that dreams really come true
We keep on talking for the moment we live in
Let's keep drinking 'till the moon disappear

You are the one, the one that I want
The one that will stay by my side till I'm gone
The love of my life and I'll sacrifice
Just for the moment we last long forever

Like it's the old love (it's the old love)
This is the way that we both wanna feel
Under the moonlight we made our first kiss
'Cause this is the moment that you made me feel
Like it's the old love
Come on and hold me, I want you right here
Stay close to me so you don't feel the fear
I'll never let go 'cause I'm just right here
Like it's the old love

It's the old love
This is the way that we both wanna feel
Under the moonlight we made our first kiss
'Cause this is the moment that you made me feel
Like it's the old love",en
40,41,5xwBIieMMFUmLDgvG4DjFe,Fall In Love Alone,Stacey Ryan,"I′m familiar with unrequited
I know you got a heart that's undecided just like mine
It takes its sweet time
I been tryin′ to dive into the deep end
'Cause I don't really wanna lose a good friend, but I might
Find something divine

It′s electric every time we touch
I′ve been livin' for this head rush
But sometimes it′s too much

If we never try
How will we know?
Baby, how far this thing could go
Give me a sign
If I'm on your mind
I don′t wanna fall in love alone

I wish that I could tell what you were thinkin'
I hate that I slip up when I′ve been drinkin', but oh, well
I can't help myself
I′m gettin′ really tired of this back and forth
Why don't we just give in to this drivin′ force, I mean
There's somethin′ between us

It's electric every time we touch
I′ve been livin' for this head rush
But sometimes it's too much

If we never try
How will we know?
Baby, how far this thing could go
Give me a sign
If I′m on your mind (do you mind a chair on my mind?)
I don′t want to fall in love alone (I don't wanna fall in love alone)

If we never try (I don′t want to fall in love alone)
How will we know? (Oh, yeah)
Baby, how far this thing could go (just how far this thing will go)
Give me a sign (give me a sign, a sign)
If I'm on your mind
I don′t wanna fall in love alone
Ooh...

Fall, I don't wanna fall
I don′t wanna fall in love alone (get a seat here, girl, right here, next to me)
Fall, I don't wanna fall (next to me, next to me)
I don't wanna fall in love alone (I don′t wanna live without you, baby, anymore)
Fall, I don′t wanna fall (anymore)
I don't wanna fall in love alone (I-I-I can′t be alone)

Fall, I don't wanna fall
I don′t wanna fall in love alone",en
41,42,6fX8WwxAQ6rCPIC7lMgztu,Kisah Sempurna,Mahalini,"Ha-ah, ha-ah-ah

Tenggelam, jiwaku dalam angan
Tersesat, hilang, dan tak tahu arah
Ku terjebak masa lalu yang kelam
Tak kulihat lagi cahaya cinta

Dan kamu hadir coba bawa bahagia
Ketika ku masih mati rasa
Kar′na

Dia yang pertama membuatku cinta
Dia juga yang pertama membuatku kecewa
Kamu yang pertama menyembuhkan luka
Tak ingin lagi ku mengulang keliru akan cinta
Jadi kisah yang sempurna

Tenggelam, jiwaku dalam angan
Tak kulihat lagi cahaya cinta

Dan kamu hadir coba bawa bahagia
Ketika ku masih mati rasa
Kar'na

Dia yang pertama membuatku cinta
Dia juga yang pertama membuatku kecewa
Kamu yang pertama menyembuhkan luka
Tak ingin lagi ku mengulang keliru akan cinta
Jadi kisah yang sempurna, wo-oh

Tuhan, yakinkan cinta ini, wo-oh-oh
Hati yang terkunci, terbuka kembali

Dia yang pertama membuatku cinta
Dia juga yang pertama membuatku kecewa
Kamu yang pertama menyembuhkan luka
Tak ingin lagi ku mengulang keliru akan cinta

(Dia yang pertama membuatku cinta) ho-oh-oh

Dia juga pertama membuatku kecewa
(Dia yang pertama)
Kamu yang sembuhkan luka
(Tak ingin lagi ku mengulang) ho-oh-oh

Ho-wo-oh
Kamu untuk selamanya",id
42,43,5fDCy4Hse30ZsjaTUGKVh5,Sang Dewi,Lyodra,"Walaupun jiwaku pernah terluka
Hingga nyaris bunuh diri
Wanita mana yang sanggup hidup sendiri
Di dunia ini?

Walaupun t′lah kututup mata hati
Begitu pun telingaku
Namun, bila di kala cinta memanggilmu
Dengarlah ini

Walaupun dirimu tak bersayap
Ku bakal percaya
Kau mampu terbang bawa diriku
Tanpa takut dan ragu

(Uh-uh, uh-uh) uh-uh-uh
(Uh-uh, uh-uh) uh-uh

Walaupun mulutku pernah bersumpah
Tak sudi lagi jatuh cinta
Wanita seperti diriku pun ternyata
Mudah menyerah

Walaupun kau bukan titisan Dewa
Ku takkan kecewa
Kar'na kaujadikanku sang Dewi
Dalam taman surgawi
Ho-wo-wo-oh-oh

(Jadikanku sang Dewi) uh-uh-ye-yeah
(Dalam taman surgawi) oh-oh-uh
(Kau terbang bawa aku)
(Tanpa takut dan ragu) ha-ah

Walaupun dirimu tak bersayap
Ku akan percaya
Kau mampu terbang bawa diriku
Tanpa takut dan ragu

Walaupun kau bukan titisan Dewa
Ku takkan kecewa
Kar′na kaujadikanku sang Dewi
(Dalam taman) surgawi

Uh-uh-uh",id
43,44,7mZxM64cMYQdx2vopaGrDf,"Andaikan Kau Datang - From ""Miracle in Cell No. 7""",Andmesh,"Terlalu indah dilupakan
Terlalu sedih dikenangkan
Setelah aku jauh berjalan
Dan kau kutinggalkan

Betapa hatiku bersedih
Mengenang kasih dan sayangmu
Setulus pesanmu kepadaku
Engkau ′kan menunggu

Andaikan kau datang kembali
Jawaban apa yang 'kan kuberi?
Adakah jalan yang kautemui
Untuk kita kembali lagi?

Bersinarlah, bulan purnama
Seindah serta tulus cintanya
Bersinarlah terus sampai nanti
Lagu ini kuakhiri

Ho-oh-ho-ho-oh

Bersinarlah, bulan purnama
Seindah serta tulus cintanya

Andaikan kau datang kembali
Jawaban apa yang ′kan kuberi?
Adakah jalan yang kautemui (adakah jalan yang kautemui?)
Untuk kita kembali lagi?

Bersinarlah, bulan purnama
Seindah serta tulus cintanya
Bersinarlah terus sampai nanti
Ho-oh-ho

Bersinarlah terus sampai nanti
Bersinarlah terus sampai nanti
Lagu ini kuakhiri",id
44,45,0mMqopQJOWADJSPRMYkvTF,Dunia Tipu-Tipu,Yura Yunita,"Di dunia tipu-tipu
Kamu tempat aku bertumpu
Baik, jahat, abu-abu
Tapi warnamu putih untukku

Hanya kamu yang mengerti
Gelombang kepala ini

Puja-puji tanpa kata
Mata kita yang bicara
Selalu nyaman bersama
Janji takkan ke mana-mana

Puja-puji tanpa kata
Mata kita yang bicara
Selalu nyaman bersama
Janji takkan ke mana-mana, ya

Di dunia tipu tipu
Ku bisa rasa nyata denganmu, oh-hm-mm
Tanpa banyak una-inu
Ku bisa rasa aman selalu

Hanya kamu yang mengerti
Gelombang kepala ini, ih-ih-ih

Puja-puji tanpa kata
Mata kita yang bicara
Selalu nyaman bersama
Janji takkan ke mana mana

Puja-puji tanpa kata
Mata kita yang bicara
Selalu nyaman bersama
Janji takkan ke mana-mana, ya

Lelucon aneh tiap hari
Ku tertawa tanpa tapi
Tetaplah seperti ini

Puja-puji tanpa kata
Mata kita yang bicara
Selalu nyaman bersama
Janji takkan ke mana-mana

(Puja-puji tanpa kata)
(Mata kita yang bicara)
(Selalu nyaman bersama)
(Janji takkan ke mana-mana)

(Puja-puji tanpa kata)
(Mata kita yang bicara)
(Selalu nyaman bersama)
(Janji takkan ke mana-mana, ya)

Janji (janji) takkan (takkan) ke mana-mana
Janji (janji) takkan (takkan) ke mana-mana
Janji (janji), janji (takkan) takkan ke mana-mana
Janji (janji), janji (takkan) takkan ke mana-mana",id
45,46,5XeFesFbtLpXzIVDNQP22n,I Wanna Be Yours,Arctic Monkeys,"I wanna be your vacuum cleaner
Breathing in your dust
I wanna be your Ford Cortina
I will never rust
If you like your coffee hot
Let me be your coffee pot
You call the shots, babe
I just wanna be yours

Secrets I have held in my heart
Are harder to hide than I thought
Maybe I just wanna be yours
I wanna be yours

I wanna be yours
Wanna be yours
Wanna be yours
Wanna be yours

Let me be your ′leccy meter
And I'll never run out
Let me be the portable heater
That you′ll get cold without
I wanna be your setting lotion
Hold your hair in deep devotion (I'll be)
At least as deep as the Pacific Ocean
Now I wanna be yours

Secrets I have held in my heart
Are harder to hide than I thought
Maybe I just wanna be yours

I wanna be yours
I wanna be yours
Wanna be yours
Wanna be yours
Wanna be yours
Wanna be yours
Wanna be yours
Wanna be yours
Wanna be yours
Wanna be yours

I wanna be your vacuum cleaner (Wanna be yours)
Breathing in your dust (Wanna be yours)
I wanna be your Ford Cortina (Wanna be yours)
I will never rust (Wanna be yours)

I just wanna be yours (Wanna be yours)
I just wanna be yours (Wanna be yours)
I just wanna be yours (Wanna be yours)",en
46,47,1Y3LN4zO1Edc2EluIoSPJN,Until I Found You (with Em Beihold) - Em Beihold Version,Stephen Sanchez,"Georgia, wrap me up in all your-
I want you in my arms
Oh, let me hold you
I′ll never let you go again like I did
Oh, I used to say

""I would never fall in love again until I found her""
I said, ""I would never fall unless it's you I fall into""
I was lost within the darkness, but then I found her
I found you

Georgia, pulled me in
I asked to love her once again
You fell, I caught you
I′ll never let you go again like I did
Oh, I used to say

""I would never fall in love again until I found her""
I said, ""I would never fall unless it's you I fall into""
I was lost within the darkness, but then I found her
I found you

I would never fall in love again until I found her
I said, ""I would never fall unless it's you I fall into""
I was lost within the darkness, but then I found her
I found you",en
47,48,32Pdf9eyXDEMoClEJW6yYP,Interaksi,Tulus,"Manalah kutahu datang hari ini
Hari di mana ku melihat dia
Yang tak aku bidik, yang tak aku cari
Duga benih patah hati lagi, tahu begini

(Jika bisa memilih, tak bertemumu pasti)
Itu yang kupilih
(Jika bisa kuhindari garis interaksi)
Itu yang kupilih

Ingin bawanya ke tempat-tempat indah
Tipikal klise ingin tahu pikirnya
Entah ini ingin, entah ini sayang
Si hati rapuh tantang wahana, oh, lagi-lagi

(Aku yang tak berkendali di) oasis sendu
Itu yang kupilih
(Aku yang tak kuasa mengendalikan hati) kenali hati
Tak semua kupilih

Alam dan s′luruh energinya
Apa dalam ciptanya ada aku?
Bila bukan untuk aku
Hindariku dari patah hati itu

Jika dia memang bisa untukku
Sini, dekat dan dekatlah
Dan jika dia memang bukan untukku
Tolong, reda dan redalah

(Reda dan redalah)
(Reda dan redalah, ah)
Atau mendekatlah, ah",id
48,49,1MgEuKnMKzbODJ5Ez94I64,Mesin Waktu,Budi Doremi,"Kalau harus ku mengingatmu lagi
Aku takkan sanggup dengan yang terjadi pada kita
Jika melupakanmu hal yang mudah
Ini takkan berat, takkan membuat hatiku lelah

Kalah, kuakui aku kalah
Cinta ini pahit dan tak harus memiliki

Jika aku bisa, ku akan kembali
Ku akan merubah takdir cinta yang kupilih
Meskipun tak mungkin, walaupun ku mau
Membawa kamu lewat mesin waktu

Jika melupakanmu hal yang mudah
Ini takkan berat, takkan membuat hatiku lelah
Panjang perjalanan yang harus kulalui
Merelakanmu

Jika aku bisa, ku akan kembali
Ku akan merubah takdir cinta yang kupilih
Meskipun tak mungkin, walaupun ku mau
Membawa kamu lewat mesin waktu, ho-uh-oh
Wo-uh-oh

Jika aku bisa, ku akan kembali
Ku akan merubah takdir cinta yang kupilih
Meskipun tak mungkin, walaupun ku mau
Membawa kamu, oh-oh

Jika aku bisa, ku akan kembali
Ku akan merubah takdir cinta yang kupilih
Meskipun tak mungkin, walaupun ku mau
Membawa kamu lewat mesin waktu",id
49,50,2GWzRdezjEFyYrwldE7iCl,Angin Kencang,Noh Salleh,"Dalam silauan cahaya
Membatas pandangan mata
Namun jelas ku lihat kamu
Biarpun ku sedar kau kian jauh
Tinggalkan aku yang rapuh

Angin kencang membawa kau
Jauh ke sana
Kau hilang terus tanpa khabar
Tidur malam ku mimpi indah ingat kamu
Ku merindui kamu

Apa yang ku fikirkan
Inilah penyiksaan
Biarpun beribu tahun
Dan namun kau sentiasa dihatiku
Menuai senyumanmu

Angin kencang membawa kau
Jauh ke sana
Kau hilang terus tanpa khabar
Tidur malam ku mimpi indah ingat kamu
Ku merindui kamu

Angin kencang membawa kau
Jauh ke sana
Kau hilang terus tanpa khabar
Tidur malam ku mimpi indah ingat kamu

Angin kencang membawa kau
Jauh ke sana
Kau hilang terus tanpa khabar
Tidur malam ku mimpi indah ingat kamu
Ku merindui kamu
Ku merindui kamu
Ku merindui kamu",id
