,artist_id,artist,image,genres,popularity,link,followers
0,74D1UgRzMhTSPz698exXmR,Panjabi MC,https://i.scdn.co/image/856b3a0cb59962e467e997d4aa2abd0b5420ccc6,"['bhangra', 'classic bhangra', 'desi hip hop']",55,https://api.spotify.com/v1/artists/74D1UgRzMhTSPz698exXmR,230904
1,4sP2g2ixZhad5ZlxPirn8i,Babylone,https://i.scdn.co/image/ab67616d0000b27374e38fd821c37284f5edb0ce,"['rai', 'rif']",42,https://api.spotify.com/v1/artists/4sP2g2ixZhad5ZlxPirn8i,106780
2,0NKf7lIii7VgCjZlC62489,Anang,https://i.scdn.co/image/ab67616d0000b273f8ee648b19614e27dfacc20e,"['dangdut', 'indonesian pop', 'indonesian pop rock']",39,https://api.spotify.com/v1/artists/0NKf7lIii7VgCjZlC62489,44986
3,1qZ684TB9E1BjH58btdtYd,Buray,https://i.scdn.co/image/ab6761610000e5eb912f0d25352a770d4d901993,"['turkish deep house', 'turkish pop']",63,https://api.spotify.com/v1/artists/1qZ684TB9E1BjH58btdtYd,1758885
4,5AboYJAlMb9FGadTTDKRoN,Ebru Gündeş,https://i.scdn.co/image/ab6761610000e5ebb35a1a70a3abfb067c84c239,"['arabesk', 'turkish folk', 'turkish pop']",65,https://api.spotify.com/v1/artists/5AboYJAlMb9FGadTTDKRoN,2094219
5,1EowJ1WwkMzkCkRomFhui7,RADWIMPS,https://i.scdn.co/image/ab6761610000e5ebc9d443fb5ced1dd32d106632,"['j-pop', 'j-rock', 'japanese emo', 'visual kei']",73,https://api.spotify.com/v1/artists/1EowJ1WwkMzkCkRomFhui7,3309143
6,3PutidTQajzWO1gTetJReW,张远,https://i.scdn.co/image/ab67616d0000b273ef8d2c4f8cce3b5066266af8,['chinese viral pop'],52,https://api.spotify.com/v1/artists/3PutidTQajzWO1gTetJReW,14098
7,0h885xmyK9xHfhyXQr37L6,Richard Clayderman,https://i.scdn.co/image/ab6761610000e5ebfa3fd539672bc36c66b1023b,['easy listening'],63,https://api.spotify.com/v1/artists/0h885xmyK9xHfhyXQr37L6,501224
8,7ocwZINHqO9DZJgFtc1B20,Lara Fabian,https://i.scdn.co/image/ab6761610000e5ebc0dcf702e62a25d06e21ff5d,['french pop'],54,https://api.spotify.com/v1/artists/7ocwZINHqO9DZJgFtc1B20,753988
9,3yMmYEklQ7gLOZXEFNd3xr,Palak Muchhal,https://i.scdn.co/image/ab6761610000e5eb37d0a183ce70dd31008f5622,"['desi pop', 'filmi', 'modern bollywood']",67,https://api.spotify.com/v1/artists/3yMmYEklQ7gLOZXEFNd3xr,4824381
10,1GxkXlMwML1oSg5eLPiAz3,Michael Bublé,https://i.scdn.co/image/ab6761610000e5ebef8cf61fea4923d2bde68200,"['adult standards', 'canadian pop', 'jazz pop', 'lounge']",74,https://api.spotify.com/v1/artists/1GxkXlMwML1oSg5eLPiAz3,5810919
11,2Wk167T0fY1fABsHM5qFcI,Sherine,https://i.scdn.co/image/ab67616d0000b273cfa4e906cda39d8f62fe81e3,"['arab pop', 'egyptian pop']",54,https://api.spotify.com/v1/artists/2Wk167T0fY1fABsHM5qFcI,3907453
12,1W67L8OH9z7C3b9YJJbVYq,Farhan Saeed,https://i.scdn.co/image/ab6761610000e5eb451aafe56de64c06509fa38d,"['classic pakistani pop', 'pakistani pop', 'sufi']",47,https://api.spotify.com/v1/artists/1W67L8OH9z7C3b9YJJbVYq,395498
13,1Cs0zKBU1kc0i8ypK3B9ai,David Guetta,https://i.scdn.co/image/ab6761610000e5eb75348e1aade2645ad9c58829,"['big room', 'dance pop', 'edm', 'pop', 'pop dance']",89,https://api.spotify.com/v1/artists/1Cs0zKBU1kc0i8ypK3B9ai,25835790
14,4bYPcJP5jwMhSivRcqie2n,Adam Levine,https://i.scdn.co/image/ab6761610000e5eb4a61c7615c8125e832ffc32c,['deep talent show'],73,https://api.spotify.com/v1/artists/4bYPcJP5jwMhSivRcqie2n,989064
15,7uIbLdzzSEqnX0Pkrb56cR,Yo Yo Honey Singh,https://i.scdn.co/image/ab6761610000e5eb339fc4fb0bf1ddd5cd420d60,"['desi pop', 'filmi', 'hindi hip hop', 'modern bollywood']",72,https://api.spotify.com/v1/artists/7uIbLdzzSEqnX0Pkrb56cR,11276745
16,0oOet2f43PA68X5RxKobEy,Shreya Ghoshal,https://i.scdn.co/image/ab6761610000e5ebb3fe1b3ee6caedd21d2a6b85,"['desi pop', 'filmi', 'modern bollywood']",81,https://api.spotify.com/v1/artists/0oOet2f43PA68X5RxKobEy,16878760
17,6WPmTGeeoymoVlXVtsCwz7,Kavita Krishnamurthy,https://i.scdn.co/image/ab6761610000e5eb4f1d4019906979d45f7200a3,['filmi'],68,https://api.spotify.com/v1/artists/6WPmTGeeoymoVlXVtsCwz7,2191476
18,62IUrFqq28x2SbRdzm9sQt,Hassan Shakosh,https://i.scdn.co/image/ab6761610000e5eb15d262f668e9dd1b95ccae92,['mahraganat'],47,https://api.spotify.com/v1/artists/62IUrFqq28x2SbRdzm9sQt,1513034
19,0L3wrFI3QcbXAvFL7IaPQX,Güneş,https://i.scdn.co/image/ab6761610000e5eb0c88157c5a999aea1d8fbe5e,['turkce kadin rap'],71,https://api.spotify.com/v1/artists/0L3wrFI3QcbXAvFL7IaPQX,318140
20,4NJhFmfw43RLBLjQvxDuRS,Wolfgang Amadeus Mozart,https://i.scdn.co/image/ab6761610000e5eb7fa9108c6dadb8c3ec21da88,"['classical', 'classical era', 'lullaby']",75,https://api.spotify.com/v1/artists/4NJhFmfw43RLBLjQvxDuRS,4961510
21,2ekGsQEkeMtYFA16Jjes2M,İlyas Yalçıntaş,https://i.scdn.co/image/ab6761610000e5eb1719e0180f2a0dfada87c3ba,"['persian pop', 'turkish pop']",54,https://api.spotify.com/v1/artists/2ekGsQEkeMtYFA16Jjes2M,1071592
22,0sHAWQhZ5GxE0QO0peVXw3,Archana Gore,,[],40,https://api.spotify.com/v1/artists/0sHAWQhZ5GxE0QO0peVXw3,517
23,7wEhCzPMEcxkQGBljv8wuK,Esraa El Aseel,,['khaleeji iraqi'],13,https://api.spotify.com/v1/artists/7wEhCzPMEcxkQGBljv8wuK,102240
24,5l8VQNuIg0turYE1VtM9zV,Leonard Cohen,https://i.scdn.co/image/ab6761610000e5ebd09c1295779cfb71683cee99,"['canadian singer-songwriter', 'melancholia', 'permanent wave', 'singer-songwriter']",66,https://api.spotify.com/v1/artists/5l8VQNuIg0turYE1VtM9zV,3061656
25,4FR9wNfKW3xmfE4R7nLvFN,Ali Zandevakili,https://i.scdn.co/image/ab67616d0000b2730a64b0967fde3591f31e5baf,"['classic persian pop', 'persian pop']",37,https://api.spotify.com/v1/artists/4FR9wNfKW3xmfE4R7nLvFN,41483
26,00o36BiAS5VuyfvzNtd3Ig,Ello,https://i.scdn.co/image/ab67616d0000b273cec40107bce790c093573467,"['indonesian jazz', 'indonesian pop', 'indonesian pop rock']",47,https://api.spotify.com/v1/artists/00o36BiAS5VuyfvzNtd3Ig,288311
27,540vIaP2JwjQb9dm3aArA4,DJ Snake,https://i.scdn.co/image/ab6761610000e5ebf2855e25f1d9c8a20bcc85ae,"['edm', 'electronic trap', 'pop', 'pop dance']",78,https://api.spotify.com/v1/artists/540vIaP2JwjQb9dm3aArA4,8455051
28,0Y8KmFkKOgJybpVobn1onU,Luciano Pavarotti,https://i.scdn.co/image/ab6761610000e5eb7c79a26af7f4b435ec8c6b95,"['canzone napoletana', 'classical tenor', 'italian tenor', 'opera', 'operatic pop']",63,https://api.spotify.com/v1/artists/0Y8KmFkKOgJybpVobn1onU,846755
29,6MvRVq0CtpQQlwnIiszV8F,Magic System,https://i.scdn.co/image/504e83f4449769bb0ba38b8b149e6659f97bb743,"['afropop', 'francoton', 'french pop', 'zouglou']",59,https://api.spotify.com/v1/artists/6MvRVq0CtpQQlwnIiszV8F,218278
30,3PWp9R5HvbQgxI5KBx5kVd,KANA-BOON,https://i.scdn.co/image/ab6761610000e5eb0ce4a7b6a36b70f490c9a956,"['anime', 'j-pop', 'j-rock']",62,https://api.spotify.com/v1/artists/3PWp9R5HvbQgxI5KBx5kVd,873795
31,1n9EM0Y4A89vuRiA93gSS9,Kaifi Khalil,https://i.scdn.co/image/ab6761610000e5eb8b3d777345ecd2f25f408586,['balochi pop'],68,https://api.spotify.com/v1/artists/1n9EM0Y4A89vuRiA93gSS9,305016
32,5Pwc4xIPtQLFEnJriah9YJ,OneRepublic,https://i.scdn.co/image/ab6761610000e5eb77bf00f67e21f514dc44c485,"['dance pop', 'piano rock', 'pop']",84,https://api.spotify.com/v1/artists/5Pwc4xIPtQLFEnJriah9YJ,15392347
33,10bqdRYq6Ha83UeU77iXAo,Aseel Hameem,https://i.scdn.co/image/ab6761610000e5eb77eefe852c7f1e8e17dad294,"['khaleeji iraqi', 'khaliji']",43,https://api.spotify.com/v1/artists/10bqdRYq6Ha83UeU77iXAo,1404190
34,4rqJz9fE9prZvQd8WsQv6q,THE ORAL CIGARETTES,https://i.scdn.co/image/ab6761610000e5ebb41d06008db6aff64378b802,"['j-poprock', 'j-rock', 'japanese indie rock']",59,https://api.spotify.com/v1/artists/4rqJz9fE9prZvQd8WsQv6q,535873
35,3MHaV05u0io8fQbZ2XPtlC,Prince Royce,https://i.scdn.co/image/ab6761610000e5eb2cda6de467c1a6827e3dfe82,"['bachata', 'latin hip hop', 'latin pop', 'urbano latino']",76,https://api.spotify.com/v1/artists/3MHaV05u0io8fQbZ2XPtlC,7674932
36,7y3HnWCFEvWj4KM9GFSkiX,WeiBird,https://i.scdn.co/image/ab6761610000e5ebd1a48129d8f26232df6582a8,"['chinese r&b', 'mandopop', 'taiwan singer-songwriter']",59,https://api.spotify.com/v1/artists/7y3HnWCFEvWj4KM9GFSkiX,313247
37,3ahVFszO9ucf8JQLCNQeYA,Anggun,https://i.scdn.co/image/8d478a874cf77b767b1524f21728d8dadab63c27,"['indonesian pop', 'indonesian rock']",45,https://api.spotify.com/v1/artists/3ahVFszO9ucf8JQLCNQeYA,58722
38,5f4QpKfy7ptCHwTqspnSJI,Neha Kakkar,https://i.scdn.co/image/ab6761610000e5eb62bf1cfaee589ef425e4bd4b,"['desi pop', 'filmi', 'modern bollywood']",75,https://api.spotify.com/v1/artists/5f4QpKfy7ptCHwTqspnSJI,40747778
39,0ygQsC5td2maGmglpzd7tp,Rossa,https://i.scdn.co/image/ab6761610000e5eb4d1d09a2913b21c37c0ece06,['indonesian pop'],65,https://api.spotify.com/v1/artists/0ygQsC5td2maGmglpzd7tp,4611501
40,0L5GV6LN8SWWUWIdBbTLTZ,Shankar-Ehsaan-Loy,https://i.scdn.co/image/ab6761610000e5eb3db0499a689aa9b4a47ebba3,"['filmi', 'modern bollywood']",70,https://api.spotify.com/v1/artists/0L5GV6LN8SWWUWIdBbTLTZ,3672542
41,3zjyoiXHu5SgwtRHU7GcMH,Nour Al Zain,,"['arab pop', 'khaleeji iraqi']",34,https://api.spotify.com/v1/artists/3zjyoiXHu5SgwtRHU7GcMH,410743
42,2myLHkpmmKy57Jx5CN52pi,Faia Younan,https://i.scdn.co/image/ab6761610000e5ebe45685e19e8f0f5cc8fdbd34,"['arab alternative', 'syrian pop']",31,https://api.spotify.com/v1/artists/2myLHkpmmKy57Jx5CN52pi,91914
43,2GoeZ0qOTt6kjsWW4eA6LS,Darshan Raval,https://i.scdn.co/image/ab6761610000e5eb9abbff30e53ddb8fe4b5d2f1,"['desi pop', 'filmi', 'gujarati pop', 'modern bollywood']",74,https://api.spotify.com/v1/artists/2GoeZ0qOTt6kjsWW4eA6LS,9554730
44,28DdkLhrzQNizZ0ExQpyku,Rizky Febian,https://i.scdn.co/image/ab6761610000e5eb754d92e5430939afc3db0fac,['indonesian pop'],65,https://api.spotify.com/v1/artists/28DdkLhrzQNizZ0ExQpyku,5570483
45,7yiJcbeab3PFoFhxtNDujs,Güliz Ayla,https://i.scdn.co/image/ab6761610000e5ebf73b0c419fa06734d3e3e1c0,['turkish pop'],45,https://api.spotify.com/v1/artists/7yiJcbeab3PFoFhxtNDujs,403186
46,173BBRCDf7unNOeNIeP0OV,Öykü Gürman,https://i.scdn.co/image/ab6761610000e5eb0e4fdb89d1eff7e89ef9a365,['turkish pop'],43,https://api.spotify.com/v1/artists/173BBRCDf7unNOeNIeP0OV,76512
47,0OzxPXyowUEQ532c9AmHUR,Giacomo Puccini,https://i.scdn.co/image/98aef2b83b0148a90f9c60a163e08197f9d8606b,"['classical', 'italian opera', 'italian romanticism', 'post-romantic era']",62,https://api.spotify.com/v1/artists/0OzxPXyowUEQ532c9AmHUR,411735
48,2XHFhl3jenckLAT8SWVegS,Titi DJ,https://i.scdn.co/image/ab6761610000e5ebd186509733513f1158fa81cb,['indonesian pop'],45,https://api.spotify.com/v1/artists/2XHFhl3jenckLAT8SWVegS,342105
49,39AgPTHxIEp2QUozYYsnV1,Ramy Ayach,https://i.scdn.co/image/ab67616d0000b2730e62be066b8c8c26525b4fbb,"['arab pop', 'lebanese pop']",42,https://api.spotify.com/v1/artists/39AgPTHxIEp2QUozYYsnV1,503471
50,0LyfQWJT6nXafLPZqxe9Of,Various Artists,https://i.scdn.co/image/ab6761610000e5eb7462d94efa2db53abba8c003,[],0,https://api.spotify.com/v1/artists/0LyfQWJT6nXafLPZqxe9Of,1890550
51,2yMN0IP20GOaN6q0p0zL5k,Tarkan,https://i.scdn.co/image/ab6761610000e5eb59ba2466b22929f5e7ca21e4,['turkish pop'],66,https://api.spotify.com/v1/artists/2yMN0IP20GOaN6q0p0zL5k,3029580
52,2F3KtUVtrt2GLjcl6pB4cz,Dhanush,https://i.scdn.co/image/ab6761610000e5eb4624051fef26f472c786d7c0,"['filmi', 'kollywood']",72,https://api.spotify.com/v1/artists/2F3KtUVtrt2GLjcl6pB4cz,6265218
53,5auFhdM0ZgtH6cXwncgZ4m,Agnes Monica,https://i.scdn.co/image/ab6761610000e5eb09160e5ffdc256e65713a8a9,['indonesian pop'],52,https://api.spotify.com/v1/artists/5auFhdM0ZgtH6cXwncgZ4m,1418649
54,1AM52XHXnWAEqnQwpxTLWm,EDIS,https://i.scdn.co/image/ab6761610000e5eb9e469340ca9b83a7270c3228,['turkish pop'],63,https://api.spotify.com/v1/artists/1AM52XHXnWAEqnQwpxTLWm,1766792
55,4iDEBTV3KD21QaxgS9Yst0,Warna,https://i.scdn.co/image/ab67616d0000b273e911f7d17bb408dfbaba0337,"['classic indo pop', 'indonesian city pop', 'indonesian pop', 'indonesian pop rock']",40,https://api.spotify.com/v1/artists/4iDEBTV3KD21QaxgS9Yst0,26009
56,3hv9jJF3adDNsBSIQDqcjp,Mark Ronson,https://i.scdn.co/image/ab6761610000e5eb105cc9628c315b29d299fbb4,[],75,https://api.spotify.com/v1/artists/3hv9jJF3adDNsBSIQDqcjp,1007121
57,59pq5Vw16UDkR9txoPKv86,Prakriti Kakar,https://i.scdn.co/image/ab6761610000e5eb3e37faee3a00de2a67b106aa,['modern bollywood'],57,https://api.spotify.com/v1/artists/59pq5Vw16UDkR9txoPKv86,39370
58,6euPnGzBlDysAC5ecVguNZ,M. Pokora,https://i.scdn.co/image/ab6761610000e5eb6e29ad42f22e8be025439e5f,"['francoton', 'french pop', 'variete francaise']",56,https://api.spotify.com/v1/artists/6euPnGzBlDysAC5ecVguNZ,715097
59,39nPl2OnVXyxuBApjXkGmj,Shivam Pathak,https://i.scdn.co/image/ab67616d0000b2732bea393b49f9ff91e228766f,['modern bollywood'],51,https://api.spotify.com/v1/artists/39nPl2OnVXyxuBApjXkGmj,26564
60,4fEkbug6kZzzJ8eYX6Kbbp,KK,https://i.scdn.co/image/ab6761610000e5ebb09a31f853166e721d4d46b2,"['desi pop', 'filmi', 'modern bollywood']",76,https://api.spotify.com/v1/artists/4fEkbug6kZzzJ8eYX6Kbbp,10540994
61,7Ead768rc4ShGxnqtqccU5,Sarah Brightman,https://i.scdn.co/image/ab6761610000e5ebcb29216b4a21ea8912db6502,['operatic pop'],57,https://api.spotify.com/v1/artists/7Ead768rc4ShGxnqtqccU5,411279
62,0FEJqmeLRzsXj8hgcZaAyB,Indila,https://i.scdn.co/image/ab6761610000e5eb6cd07d169e7e2ec94193a1d2,['french pop'],70,https://api.spotify.com/v1/artists/0FEJqmeLRzsXj8hgcZaAyB,1218809
63,2URqJkDiySO0FRiAUq75FV,Rachid Taha,https://i.scdn.co/image/ab6761610000e5eb05a5ecbc3588ddaf8d74902a,"['belly dance', 'classic arab pop']",48,https://api.spotify.com/v1/artists/2URqJkDiySO0FRiAUq75FV,155070
64,56SjZARoEvag3RoKWIb16j,B Praak,https://i.scdn.co/image/ab6761610000e5eb1085c393173d6a0826610e98,"['desi pop', 'filmi', 'punjabi pop']",73,https://api.spotify.com/v1/artists/56SjZARoEvag3RoKWIb16j,6117858
65,2wOqMjp9TyABvtHdOSOTUS,Ludwig van Beethoven,https://i.scdn.co/image/db022999443da6f89e250086329d98b17399b346,"['classical', 'classical era', 'early romantic era', 'german romanticism']",72,https://api.spotify.com/v1/artists/2wOqMjp9TyABvtHdOSOTUS,4784922
66,7K0Se2JHfaWPp6OUS2gvgI,Jamila,https://i.scdn.co/image/ab67616d0000b2736d85a9e8a9a26b42ebb6e045,['moroccan pop'],28,https://api.spotify.com/v1/artists/7K0Se2JHfaWPp6OUS2gvgI,26856
67,64DCrjUnRi1h8dugMhHJQa,Rita Effendy,https://i.scdn.co/image/ab67616d0000b2734e3e64406cb71e4e357ff5af,['classic indo pop'],34,https://api.spotify.com/v1/artists/64DCrjUnRi1h8dugMhHJQa,33921
68,64d1rUxfizSAOE9UbMnUZd,Sezen Aksu,https://i.scdn.co/image/ab6761610000e5eb22249e65eef713a44432ff58,['turkish pop'],73,https://api.spotify.com/v1/artists/64d1rUxfizSAOE9UbMnUZd,7081297
69,1JOQXgYdQV2yfrhewqx96o,Giuseppe Verdi,https://i.scdn.co/image/29dcc5fb26df65b722073e5246c6a430e9968aa7,"['classical', 'italian opera', 'italian romanticism', 'late romantic era']",62,https://api.spotify.com/v1/artists/1JOQXgYdQV2yfrhewqx96o,588776
70,7hQmAXAzWI6D350VTgkKTG,Arash,https://i.scdn.co/image/ab6761610000e5eba70ab4d7f3d5795603d2a4f8,['persian pop'],57,https://api.spotify.com/v1/artists/7hQmAXAzWI6D350VTgkKTG,184665
71,1tqysapcCh1lWEAc9dIFpa,Jubin Nautiyal,https://i.scdn.co/image/ab6761610000e5eb1a9d9cfc59b01338c0786953,"['desi pop', 'filmi', 'hare krishna', 'modern bollywood']",78,https://api.spotify.com/v1/artists/1tqysapcCh1lWEAc9dIFpa,9945725
72,26ks59eSno7UlPCdljHQoI,Shirley Setia,https://i.scdn.co/image/ab6761610000e5ebcb5c9ca62fb06fa230a0fd07,"['desi pop', 'modern bollywood']",56,https://api.spotify.com/v1/artists/26ks59eSno7UlPCdljHQoI,101594
73,4cgw3nEf6uOQ2NqHwSXErR,Balti,https://i.scdn.co/image/ab6761610000e5ebafd44982663f0e0860e1a66d,"['arabic hip hop', 'rap tunisien', 'rif', 'tunisian pop']",54,https://api.spotify.com/v1/artists/4cgw3nEf6uOQ2NqHwSXErR,659189
74,3cNwyF5SboOs9icz2XyotE,Mustafa Ceceli,https://i.scdn.co/image/ab6761610000e5eb758f23cb20ac76207593567a,"['karadeniz pop', 'turkish pop']",63,https://api.spotify.com/v1/artists/3cNwyF5SboOs9icz2XyotE,1325380
75,1FcYCSOydUCgoauspPwypS,Majida El Roumi,https://i.scdn.co/image/ab67616d0000b273ae836a402f1e23eae259a3f0,"['arab pop', 'classic arab pop', 'lebanese pop']",41,https://api.spotify.com/v1/artists/1FcYCSOydUCgoauspPwypS,392533
76,76G2QPGz4HBmhn0D3vr9UL,Noel Kharman,https://i.scdn.co/image/ab6761610000e5eb9ff4a48b750f985f32f4d25c,['palestinian pop'],41,https://api.spotify.com/v1/artists/76G2QPGz4HBmhn0D3vr9UL,39568
77,05Q9xndTxhXhD5trpmTtfU,Carlos Gardel,https://i.scdn.co/image/ab6761610000e5ebcfa46d3543ba0839df7d3062,"['latin classical', 'tango']",51,https://api.spotify.com/v1/artists/05Q9xndTxhXhD5trpmTtfU,178537
78,29vPfjqj8X5ri4AJRt8wVM,Peterpan,https://i.scdn.co/image/ab6761610000e5eb19fd0c20ed2bed2ea04754cf,['dangdut koplo'],63,https://api.spotify.com/v1/artists/29vPfjqj8X5ri4AJRt8wVM,2575515
79,5abSRg0xN1NV3gLbuvX24M,Amr Diab,https://i.scdn.co/image/ab6761610000e5ebae9c8d8bb91a1030ef1bc223,"['arab pop', 'belly dance', 'egyptian pop', 'persian pop', 'rif']",59,https://api.spotify.com/v1/artists/5abSRg0xN1NV3gLbuvX24M,5302175
80,3xU8YsNNkmWSPewlB18NUz,Harshdeep Kaur,https://i.scdn.co/image/ab6761610000e5ebb9d16d3b1456ba2c779acb66,"['desi pop', 'filmi', 'modern bollywood', 'sufi']",60,https://api.spotify.com/v1/artists/3xU8YsNNkmWSPewlB18NUz,3914691
81,2owBL6a90fnWufVtP70K8f,Ada Band,https://i.scdn.co/image/ab6761610000e5eb52172a6b7cab765489f9963f,"['indonesian pop', 'indonesian pop rock']",60,https://api.spotify.com/v1/artists/2owBL6a90fnWufVtP70K8f,1542925
82,7n2wHs1TKAczGzO7Dd2rGr,Shawn Mendes,https://i.scdn.co/image/ab6761610000e5eb46e7a06fa6dfefaed6a3f0db,"['canadian pop', 'pop', 'viral pop']",85,https://api.spotify.com/v1/artists/7n2wHs1TKAczGzO7Dd2rGr,41310998
83,0wCKNMsqYasJBFVagjay49,Hadise,https://i.scdn.co/image/ab6761610000e5eb9c3944f3583f15454ef4267b,"['turkish deep house', 'turkish pop']",62,https://api.spotify.com/v1/artists/0wCKNMsqYasJBFVagjay49,1086995
84,3gk0OYeLFWYupGFRHqLSR7,Showtek,https://i.scdn.co/image/ab6761610000e5eb6ac09498c431e91aa27ce76c,"['classic hardstyle', 'dutch house', 'edm', 'electro house', 'euphoric hardstyle', 'pop dance', 'progressive electro house']",63,https://api.spotify.com/v1/artists/3gk0OYeLFWYupGFRHqLSR7,463746
85,07L6XZ7QaTsZLP8jwLoFgY,Googoosh,https://i.scdn.co/image/ab6761610000e5eb6553cc781aa92dfe371c9d66,"['azeri traditional', 'classic persian pop', 'musiqi-ye zanan']",45,https://api.spotify.com/v1/artists/07L6XZ7QaTsZLP8jwLoFgY,121718
86,6RF8hEdlUKoLPQOHmBbHiM,Yasser Desai,https://i.scdn.co/image/ab6761610000e5eb2b7ca321131b0adb237d2fe8,"['desi pop', 'filmi', 'modern bollywood']",63,https://api.spotify.com/v1/artists/6RF8hEdlUKoLPQOHmBbHiM,969543
87,4doI7TR51c6DTaveTwpIkg,Emilie-Claire Barlow,https://i.scdn.co/image/ab6761610000e5eb2d8f368b291e0726234b9947,"['contemporary vocal jazz', 'vocal jazz']",55,https://api.spotify.com/v1/artists/4doI7TR51c6DTaveTwpIkg,75533
88,1MBqKgaBet9mU8vI0hqj6c,Julia Boutros,https://i.scdn.co/image/ab67616d0000b2731498fa6f113fbde265d39880,"['arab pop', 'classic arab pop', 'lebanese pop']",33,https://api.spotify.com/v1/artists/1MBqKgaBet9mU8vI0hqj6c,245827
89,6BJhpZkuqSaXlgennrIY92,Nour Al Zen & Ghazwan Al Fahed,,['khaleeji iraqi'],19,https://api.spotify.com/v1/artists/6BJhpZkuqSaXlgennrIY92,1241
90,3ZxZ03fj3tXBZHZWzvaLSM,Neeti Mohan,https://i.scdn.co/image/ab6761610000e5eba523ff944fa4831bb1c90be6,"['desi pop', 'filmi', 'modern bollywood']",71,https://api.spotify.com/v1/artists/3ZxZ03fj3tXBZHZWzvaLSM,2671660
91,6Dclk6RIvbl0c7U42WxehG,Cyrine Abdel Noor,https://i.scdn.co/image/ab6761610000e5ebbbe8f1f9449292e6be4a4c1c,['arab pop'],24,https://api.spotify.com/v1/artists/6Dclk6RIvbl0c7U42WxehG,108767
92,6HHje5tfmzWK8PsSaoJ9Xp,SAMSONS,https://i.scdn.co/image/ab6761610000e5ebf438d3d4b8290344fa5e67e1,"['indonesian pop', 'indonesian pop rock']",57,https://api.spotify.com/v1/artists/6HHje5tfmzWK8PsSaoJ9Xp,1040444
93,6AwwLwgIsTIXZ8kHWaZUj5,Sandesh Shandilya,https://i.scdn.co/image/ab67616d0000b27352fe6875028c892308ffc2f7,"['afghan pop', 'filmi', 'modern bollywood']",53,https://api.spotify.com/v1/artists/6AwwLwgIsTIXZ8kHWaZUj5,1390591
94,2u4xMsh0M2B7R8Wb3pEWae,Anıl Piyancı,https://i.scdn.co/image/ab6761610000e5eb8a3c5a534d5463687db726cd,"['turkce drill', 'turkish hip hop', 'turkish trap']",59,https://api.spotify.com/v1/artists/2u4xMsh0M2B7R8Wb3pEWae,1046989
95,4zCH9qm4R2DADamUHMCa6O,Anirudh Ravichander,https://i.scdn.co/image/ab6761610000e5ebd319de19e7e02c419b5fec77,"['desi hip hop', 'filmi', 'tamil hip hop']",83,https://api.spotify.com/v1/artists/4zCH9qm4R2DADamUHMCa6O,17630267
96,3YQKmKGau1PzlVlkL1iodx,Twenty One Pilots,https://i.scdn.co/image/ab6761610000e5eb196972172c37d934d9ca8093,"['modern rock', 'pop', 'rock']",81,https://api.spotify.com/v1/artists/3YQKmKGau1PzlVlkL1iodx,23510192
97,3bAFvRjPZrpRz9Ox1sElQa,Arjun Kanungo,https://i.scdn.co/image/ab6761610000e5eb7950027c5680ec0b5c8175f8,"['desi pop', 'filmi', 'modern bollywood']",64,https://api.spotify.com/v1/artists/3bAFvRjPZrpRz9Ox1sElQa,2220845
98,08XpoQUQ8CrwDVMo1BOEpj,Hala Al Turk,https://i.scdn.co/image/ab6761610000e5eb0adc9f4a215822f8c1367cf0,"['arab pop', 'khaliji']",26,https://api.spotify.com/v1/artists/08XpoQUQ8CrwDVMo1BOEpj,43675
99,2jvB5M73tBZlWybPmxIaw7,Dariush,https://i.scdn.co/image/ab6761610000e5eb853352e86496d2705c2ba5f6,['classic persian pop'],42,https://api.spotify.com/v1/artists/2jvB5M73tBZlWybPmxIaw7,152747
100,1CcZoULzFHa8Uhwo6OlQcp,Semicenk,https://i.scdn.co/image/ab6761610000e5eb6fafd613062b524a94bfc7e7,[],74,https://api.spotify.com/v1/artists/1CcZoULzFHa8Uhwo6OlQcp,602452
101,0gadJ2b9A4SKsB1RFkBb66,Passenger,https://i.scdn.co/image/ab6761610000e5ebab48d905cf4b7e027da20d50,"['folk-pop', 'neo mellow']",71,https://api.spotify.com/v1/artists/0gadJ2b9A4SKsB1RFkBb66,3158028
102,1F2v33FQTavJyaD7ZsyhdA,Gülşen,https://i.scdn.co/image/ab6761610000e5eb7725dfa5bd0059a76f157195,['turkish pop'],64,https://api.spotify.com/v1/artists/1F2v33FQTavJyaD7ZsyhdA,1307569
103,1M9AXZkNPdOd1IPEsQsXnT,Léo Delibes,https://i.scdn.co/image/c12a6d385c87030706a0f36dd8798deb299c87a4,"['classical', 'french opera', 'french romanticism', 'late romantic era']",55,https://api.spotify.com/v1/artists/1M9AXZkNPdOd1IPEsQsXnT,48117
104,56F07EgoDt7uxzQUb6HZnT,Ziad Rahbani,https://i.scdn.co/image/ab67616d0000b27345adb68342be34d158f580b1,"['arab groove', 'arabic instrumental', 'arabic jazz', 'classic arab pop', 'lebanese pop']",37,https://api.spotify.com/v1/artists/56F07EgoDt7uxzQUb6HZnT,114917
105,7k73EtZwoPs516ZxE72KsO,ONE OK ROCK,https://i.scdn.co/image/ab6761610000e5eb4900a06db4e96dd1444300d4,"['j-pop', 'j-rock', 'japanese emo']",71,https://api.spotify.com/v1/artists/7k73EtZwoPs516ZxE72KsO,4874861
106,3MKCzCnpzw3TjUYs2v7vDA,Pyotr Ilyich Tchaikovsky,https://i.scdn.co/image/9a7c31f43e22a95f6d3c57baf4f87a3a9d2b93e0,"['classical', 'late romantic era', 'russian romanticism']",69,https://api.spotify.com/v1/artists/3MKCzCnpzw3TjUYs2v7vDA,1120550
107,3O9HExNnjkj5vEhOKJDbPg,Baran,https://i.scdn.co/image/ab6761610000e5ebda92302130c780247aec1c38,"['afghan pop', 'persian pop']",27,https://api.spotify.com/v1/artists/3O9HExNnjkj5vEhOKJDbPg,12280
108,137W8MRPWKqSmrBGDBFSop,Wiz Khalifa,https://i.scdn.co/image/ab6761610000e5eb4bdf6db5203f2a0e44002620,"['hip hop', 'pittsburgh rap', 'pop rap', 'rap', 'southern hip hop', 'trap']",83,https://api.spotify.com/v1/artists/137W8MRPWKqSmrBGDBFSop,10988371
109,62HptqyCczb1325UIjFF7x,Hassan El Shafei,https://i.scdn.co/image/ab6761610000e5eb7eceddc34edae93b9f4fb8c4,"['arab pop', 'egyptian alternative', 'egyptian pop']",38,https://api.spotify.com/v1/artists/62HptqyCczb1325UIjFF7x,98141
110,6jJ0s89eD6GaHleKKya26X,Katy Perry,https://i.scdn.co/image/ab6761610000e5ebdc9dcb7e4a97b4552e1224d6,"['dance pop', 'pop']",85,https://api.spotify.com/v1/artists/6jJ0s89eD6GaHleKKya26X,26350783
111,6CwqlS95wmmB4ZWgCtdzUi,Farzad Farzin,https://i.scdn.co/image/ab6761610000e5ebcfa64a9406760f132ca7695d,['persian pop'],37,https://api.spotify.com/v1/artists/6CwqlS95wmmB4ZWgCtdzUi,69098
112,0dwFxqYkvZLSA6U6XfQcDV,Fairuz,https://i.scdn.co/image/ab67616d0000b2730110ca8f52f56308a74ec74d,"['classic arab pop', 'dabke', 'lebanese pop']",59,https://api.spotify.com/v1/artists/0dwFxqYkvZLSA6U6XfQcDV,1305804
113,0m5YepvtZWhXhNhAqrc50S,Humood AlKhudher,https://i.scdn.co/image/ab6761610000e5eb000b3e5052f8544a86314b85,['nasheed'],54,https://api.spotify.com/v1/artists/0m5YepvtZWhXhNhAqrc50S,131473
114,2PM82jOCB674w4BL08zFVS,Muslim - مُسلِم,https://i.scdn.co/image/ab6761610000e5eb03ed049216ad8cc3047a6d03,['egyptian alternative'],55,https://api.spotify.com/v1/artists/2PM82jOCB674w4BL08zFVS,1320634
115,25MkkfEousyfp2eyh38FUl,Lucio Dalla,https://i.scdn.co/image/ab6761610000e5ebd7d620d99f7c9aa8d54c8b82,"[""canzone d'autore"", 'classic italian pop', 'italian adult pop']",61,https://api.spotify.com/v1/artists/25MkkfEousyfp2eyh38FUl,1049044
116,6oM1PyiV3LidEUIHKubg3W,Melly Goeslaw,https://i.scdn.co/image/ab6761610000e5ebb3ad556044e96a40dc1cfb4c,"['indonesian idol pop', 'indonesian pop']",58,https://api.spotify.com/v1/artists/6oM1PyiV3LidEUIHKubg3W,1203092
117,4rUYk0fV0Z4pOtwVbEAyK9,Glenn Fredly,https://i.scdn.co/image/ab6761610000e5ebf6284a310a10b07852e358cd,"['indonesian jazz', 'indonesian pop']",64,https://api.spotify.com/v1/artists/4rUYk0fV0Z4pOtwVbEAyK9,2641500
118,4b5UHpUmrPycvsgu2M3ujz,Maya Diab,https://i.scdn.co/image/ab6761610000e5eb2400fd721c52e2987a0a19b1,"['arab pop', 'lebanese pop']",43,https://api.spotify.com/v1/artists/4b5UHpUmrPycvsgu2M3ujz,147232
119,3fMbdgg4jU18AjLCKBhRSm,Michael Jackson,https://i.scdn.co/image/ab6761610000e5eb0e08ea2c4d6789fbf5cbe0aa,"['pop', 'r&b', 'soul']",83,https://api.spotify.com/v1/artists/3fMbdgg4jU18AjLCKBhRSm,26831134
120,7Ln5yumFjHCkeZ8bAzHUcp,Yovie Widianto,https://i.scdn.co/image/ab6761610000e5eb5146b8acb026405ca1bd3060,['indonesian pop'],65,https://api.spotify.com/v1/artists/7Ln5yumFjHCkeZ8bAzHUcp,180519
121,5fvTHKKzW44A9867nPDocM,Ajay-Atul,https://i.scdn.co/image/ab67616d0000b273b22e21de789378f223e1795f,['filmi'],64,https://api.spotify.com/v1/artists/5fvTHKKzW44A9867nPDocM,2134072
122,6ccyDNcfDQR2yDbF3JV0xl,Sheila Majid,https://i.scdn.co/image/ab6761610000e5eb38d9bc1eba3a2921d5ceea6a,"['classic malaysian pop', 'indonesian city pop']",45,https://api.spotify.com/v1/artists/6ccyDNcfDQR2yDbF3JV0xl,30242
123,1mBydYMVBECdDmMfE2sEUO,Sachin-Jigar,https://i.scdn.co/image/ab6761610000e5eba038d7d87f8577bbb9686bd3,"['desi pop', 'filmi', 'gujarati pop', 'modern bollywood']",73,https://api.spotify.com/v1/artists/1mBydYMVBECdDmMfE2sEUO,1360897
124,0Wy58cHn0XDlkr4jBIqhZs,Mashael,https://i.scdn.co/image/ab6761610000e5eb86c54e5ac93051a4a6932f52,['khaliji'],26,https://api.spotify.com/v1/artists/0Wy58cHn0XDlkr4jBIqhZs,35112
125,64KEffDW9EtZ1y2vBYgq8T,Marshmello,https://i.scdn.co/image/ab6761610000e5eb41e4a3b8c1d45a9e49b6de21,"['brostep', 'edm', 'pop', 'progressive electro house']",84,https://api.spotify.com/v1/artists/64KEffDW9EtZ1y2vBYgq8T,35014633
126,706WzkJEacBrtkHKRpBU2q,Motohiro Hata,https://i.scdn.co/image/ab6761610000e5eb921f500e05dcf53fc9b6d807,"['j-acoustic', 'j-pop', 'j-rock', 'japanese singer-songwriter']",57,https://api.spotify.com/v1/artists/706WzkJEacBrtkHKRpBU2q,972288
127,1nFJWl30l3PAHei86OxN0i,Oğuzhan Koç,https://i.scdn.co/image/ab6761610000e5eb192457caabfcbc1fcd180bb9,['turkish pop'],63,https://api.spotify.com/v1/artists/1nFJWl30l3PAHei86OxN0i,1429803
128,0ZcJXldoq09BRIMl0Qh1Vm,Dave Koz,https://i.scdn.co/image/ab6761610000e5eb3f38882f8e27f0a279bd4ea5,"['jazz saxophone', 'smooth jazz', 'smooth saxophone']",52,https://api.spotify.com/v1/artists/0ZcJXldoq09BRIMl0Qh1Vm,95912
129,07YZf4WDAMNwqr4jfgOZ8y,Jason Derulo,https://i.scdn.co/image/ab6761610000e5eb654972693e0efed3f3f4d090,"['dance pop', 'pop']",80,https://api.spotify.com/v1/artists/07YZf4WDAMNwqr4jfgOZ8y,11800372
130,5kjb55jtwPnbYXXDvP4x7R,Bruno Coulais,https://i.scdn.co/image/ab67616d0000b27386c96f87bde6bd02a58980f9,"['bajki', 'french soundtrack']",54,https://api.spotify.com/v1/artists/5kjb55jtwPnbYXXDvP4x7R,42433
131,06HL4z0CvFAxyc27GXpf02,Taylor Swift,https://i.scdn.co/image/ab6761610000e5eb5a00969a4698c3132a15fbb0,['pop'],100,https://api.spotify.com/v1/artists/06HL4z0CvFAxyc27GXpf02,71958359
132,1vCWHaC5f2uS3yhpwWbIA6,Avicii,https://i.scdn.co/image/ab6761610000e5eb09bf4814c6585e1f69dfeef7,"['dance pop', 'edm', 'pop', 'pop dance']",82,https://api.spotify.com/v1/artists/1vCWHaC5f2uS3yhpwWbIA6,22747006
133,1JadFMFTjfKAVtOqbrgv0X,F4,https://i.scdn.co/image/ab67616d0000b273b4d2d987314808ac34a90996,"['mandopop', 'taiwan idol pop']",42,https://api.spotify.com/v1/artists/1JadFMFTjfKAVtOqbrgv0X,60175
134,0FM67Vs9Hvb3XJ8zVdKO1o,Negar Khan,,[],0,https://api.spotify.com/v1/artists/0FM67Vs9Hvb3XJ8zVdKO1o,230
135,6e6VucoDJD6bmJPlnO7AkN,Marwan Khoury,https://i.scdn.co/image/ab6761610000e5eb85996754ab25c322da4285ec,"['arab pop', 'lebanese pop']",40,https://api.spotify.com/v1/artists/6e6VucoDJD6bmJPlnO7AkN,799692
136,1HxJeLhIuegM3KgvPn8sTa,Jack Ü,https://i.scdn.co/image/065e6f73d82db92ddaecf1ca779e833c274da17f,"['edm', 'electro house', 'pop dance']",61,https://api.spotify.com/v1/artists/1HxJeLhIuegM3KgvPn8sTa,1080550
137,3ihXVyWYDuTBVpEDrr1Lop,Agustín Lara,https://i.scdn.co/image/ab6761610000e5eb86e87aeab23190568356fba3,"['bolero', 'bolero mexicano']",49,https://api.spotify.com/v1/artists/3ihXVyWYDuTBVpEDrr1Lop,283222
138,6PUZZX4GCzeFS0GaDWxVwz,Maher Zain,https://i.scdn.co/image/ab6761610000e5ebb59139ceed47f11c026333f3,"['nasheed', 'rif', 'sholawat']",76,https://api.spotify.com/v1/artists/6PUZZX4GCzeFS0GaDWxVwz,3068252
139,76fuWYgIf3TVIopTs3vaJ6,Amaal Mallik,https://i.scdn.co/image/ab6761610000e5ebc1559c29cb61d249075a8b86,"['desi pop', 'filmi', 'modern bollywood']",69,https://api.spotify.com/v1/artists/76fuWYgIf3TVIopTs3vaJ6,2180398
140,1U449OOb70EZlElNjLMwCM,Demet Akalın,https://i.scdn.co/image/ab6761610000e5eb93bfdfa9be5d750ef6466886,['turkish pop'],60,https://api.spotify.com/v1/artists/1U449OOb70EZlElNjLMwCM,1548801
141,0EmeFodog0BfCgMzAIvKQp,Shakira,https://i.scdn.co/image/ab6761610000e5eb284894d68fe2f80cad555110,"['colombian pop', 'dance pop', 'latin pop', 'pop']",91,https://api.spotify.com/v1/artists/0EmeFodog0BfCgMzAIvKQp,28432985
142,47kdZyg5G978v7kSnvr7sb,Kain,https://i.scdn.co/image/ab6761610000e5eb02ba9f64ac8daba0f5c3325b,[],27,https://api.spotify.com/v1/artists/47kdZyg5G978v7kSnvr7sb,2267
143,2QOIawHpSlOwXDvSqQ9YJR,Antonio Vivaldi,https://i.scdn.co/image/9785700bae86f991f78183076861c7342a4bcf90,"['baroque', 'classical', 'early music', 'italian baroque']",72,https://api.spotify.com/v1/artists/2QOIawHpSlOwXDvSqQ9YJR,2191402
144,2aANVc0vhMpA9K7H1xrNit,Free Your Mind,https://i.scdn.co/image/ab67616d0000b273c5e50d7b20dca1cc68a29728,[],16,https://api.spotify.com/v1/artists/2aANVc0vhMpA9K7H1xrNit,113
145,7juKTDFlPesGeWQ1GmjmOv,Silentó,https://i.scdn.co/image/ab6761610000e5ebcfeebd0ddbe90a66e89f638b,"['chicago bop', 'pinoy hip hop']",50,https://api.spotify.com/v1/artists/7juKTDFlPesGeWQ1GmjmOv,226317
146,1ZU8c2N8t4oTtYFtbwYQtl,علي جاسم ومحمود التركي ومصطفى العبدالله,,[],0,https://api.spotify.com/v1/artists/1ZU8c2N8t4oTtYFtbwYQtl,180
147,2dLBhX7dIdWL6Fsk9l0n1n,Feride Hilal Akın,https://i.scdn.co/image/ab6761610000e5ebbe4f160a81abd154556a57a8,['turkish pop'],53,https://api.spotify.com/v1/artists/2dLBhX7dIdWL6Fsk9l0n1n,1011842
148,4ShCrQz2sVNTVCU3z60pLF,BollyKex,,[],0,https://api.spotify.com/v1/artists/4ShCrQz2sVNTVCU3z60pLF,680
149,5Zkp6UaHTafGRXROGj6W0S,Mohamed AlSalim,https://i.scdn.co/image/ab6761610000e5eb822a75f115934c33e68f1948,"['arab pop', 'khaleeji iraqi', 'khaliji']",41,https://api.spotify.com/v1/artists/5Zkp6UaHTafGRXROGj6W0S,398334
150,4Z0t0LHjOjFRiv0mjBw206,Aditya Narayan,https://i.scdn.co/image/ab6761610000e5eba786687d1e68c8babe3c58ba,"['filmi', 'modern bollywood']",47,https://api.spotify.com/v1/artists/4Z0t0LHjOjFRiv0mjBw206,101732
151,1WPcVNert9hn7mHsPKDn7j,Édith Piaf,https://i.scdn.co/image/ab6761610000e5eb3a20aec93e0859f01bd5d466,"['chanson', 'torch song', 'vintage schlager']",61,https://api.spotify.com/v1/artists/1WPcVNert9hn7mHsPKDn7j,994517
152,0mkH5jj3goQ51JtPKVodTo,Mustafa Sandal,https://i.scdn.co/image/ab6761610000e5ebdb262ddc5e1b349a1e177897,['turkish pop'],60,https://api.spotify.com/v1/artists/0mkH5jj3goQ51JtPKVodTo,676156
153,57A85GCAJn0reNAez6Hswt,Naif,https://i.scdn.co/image/ab67616d0000b273e4d084a54bcdd3e2feb80b68,"['indonesian indie', 'indonesian pop']",61,https://api.spotify.com/v1/artists/57A85GCAJn0reNAez6Hswt,690043
154,2qxJFvFYMEDqd7ui6kSAcq,Zedd,https://i.scdn.co/image/ab6761610000e5eb7bb5ab9683125fc416c9dbfb,"['complextro', 'dance pop', 'edm', 'german techno', 'pop', 'pop dance', 'tropical house']",76,https://api.spotify.com/v1/artists/2qxJFvFYMEDqd7ui6kSAcq,5919390
155,28ztjHIXceRRntmTUfnmUX,Khaled,https://i.scdn.co/image/ab6761610000e5eb8cadcbb69a08b4aed788923b,"['classic arab pop', 'rai']",60,https://api.spotify.com/v1/artists/28ztjHIXceRRntmTUfnmUX,1685422
156,1Zj4GtouAnxHq4qw7ooLfm,Mert Demir,https://i.scdn.co/image/ab6761610000e5eb1c0d767a8ffbd78109766766,['turkish alt pop'],63,https://api.spotify.com/v1/artists/1Zj4GtouAnxHq4qw7ooLfm,65482
157,785G4rs8cdeU7kKM2XgoI3,Anweshaa,https://i.scdn.co/image/ab67616d0000b2738700ab79caa1a0ae407ec965,[],45,https://api.spotify.com/v1/artists/785G4rs8cdeU7kKM2XgoI3,16979
158,7jm6MsWHPzZETR9JkAVaQQ,Mocca,https://i.scdn.co/image/ab6761610000e5eb5984ee4681404b5c47913ae4,"['indonesian indie', 'indonesian indie pop', 'indonesian jazz', 'indonesian pop']",48,https://api.spotify.com/v1/artists/7jm6MsWHPzZETR9JkAVaQQ,408192
159,6JL8zeS1NmiOftqZTRgdTz,Meghan Trainor,https://i.scdn.co/image/ab6761610000e5eb4d8f97058ff993df0f4eb9ee,"['dance pop', 'hip pop', 'pop', 'post-teen pop']",82,https://api.spotify.com/v1/artists/6JL8zeS1NmiOftqZTRgdTz,13189498
160,5ZVycSnntFQRyXFpO6TdsU,Amrita Singh,https://i.scdn.co/image/ab67616d0000b273ee29232ea258ccce5cce397f,[],47,https://api.spotify.com/v1/artists/5ZVycSnntFQRyXFpO6TdsU,6096
161,7hHDO4bJGlEaEHlY2lj1eZ,Bilal Saeed,https://i.scdn.co/image/ab6761610000e5ebb837a3679416429ab19aeb21,"['desi hip hop', 'desi pop', 'filmi']",58,https://api.spotify.com/v1/artists/7hHDO4bJGlEaEHlY2lj1eZ,1655551
162,3EA9hVIzKfFiQI0Kikz2wo,Andrea Bocelli,https://i.scdn.co/image/ab6761610000e5ebfb101ed2a035fcfa2bd6fee1,"['classical tenor', 'italian tenor', 'operatic pop']",69,https://api.spotify.com/v1/artists/3EA9hVIzKfFiQI0Kikz2wo,2411772
163,6bhLnfkKiudS5Hyn9OErVP,Mayang Sari,https://i.scdn.co/image/ab6761610000e5eb984e50d7fe9d25da481dca27,"['classic indo pop', 'dangdut']",36,https://api.spotify.com/v1/artists/6bhLnfkKiudS5Hyn9OErVP,52625
164,4StjyzjcmZ7a9QncHVf0pu,Simge,https://i.scdn.co/image/ab6761610000e5eb91d86b14377a58ebbc6e7c22,"['deep turkish pop', 'persian pop', 'turkish pop']",68,https://api.spotify.com/v1/artists/4StjyzjcmZ7a9QncHVf0pu,855169
165,1lfD2lvoDctsMr6grjYOb5,Ece Seçkin,https://i.scdn.co/image/ab6761610000e5eb6a7b5486d78a83645478f75d,['turkish pop'],53,https://api.spotify.com/v1/artists/1lfD2lvoDctsMr6grjYOb5,952005
166,1dVygo6tRFXC8CSWURQJq2,Sonu Nigam,https://i.scdn.co/image/ab6761610000e5ebbc959d7569618ec2af2210f5,"['filmi', 'modern bollywood']",76,https://api.spotify.com/v1/artists/1dVygo6tRFXC8CSWURQJq2,11508670
167,2MoFaFNb7uknA3GxKqpMYz,Ruth Sahanaya,https://i.scdn.co/image/ab6761610000e5eba450a2c033ebfcfff4b4cb03,"['indonesian city pop', 'indonesian jazz', 'indonesian pop', 'papuri']",41,https://api.spotify.com/v1/artists/2MoFaFNb7uknA3GxKqpMYz,290894
168,0LnHdW6HMPoOlNdhG3DHjE,Nancy Ajram,https://i.scdn.co/image/ab6761610000e5ebe781800c5dec892935588dc1,"['afghan pop', 'arab pop', 'belly dance', 'lebanese pop']",60,https://api.spotify.com/v1/artists/0LnHdW6HMPoOlNdhG3DHjE,2104941
169,0NjXtqYWpnV055KhfZgtuY,Saad Lamjarred,https://i.scdn.co/image/ab6761610000e5eb811f54da9bc9ede29fcba7b5,"['arab pop', 'moroccan pop', 'rif', 'shaabi']",56,https://api.spotify.com/v1/artists/0NjXtqYWpnV055KhfZgtuY,1768708
170,6OcVa1v58BotEENN2biu1M,Tiiwtiiw,https://i.scdn.co/image/ab6761610000e5eb3b04a8f26decef62e8fdbbc8,"['moroccan pop', 'rif']",47,https://api.spotify.com/v1/artists/6OcVa1v58BotEENN2biu1M,335423
171,2N72bJ8IYB4KZmKmxz5Xkk,Hamza Namira,https://i.scdn.co/image/ab6761610000e5eb499b3addc3a491ba1446163f,"['arab pop', 'egyptian alternative', 'egyptian pop']",50,https://api.spotify.com/v1/artists/2N72bJ8IYB4KZmKmxz5Xkk,1619942
172,3tHD07u1ON4uHxmnT9rwqZ,Neeraj Shridhar,https://i.scdn.co/image/ab67616d0000b273f6f93c24a9863c16cb0adeb2,"['desi pop', 'filmi', 'modern bollywood']",69,https://api.spotify.com/v1/artists/3tHD07u1ON4uHxmnT9rwqZ,1712971
173,1C1x4MVkql8AiABuTw6DgE,Richard Wagner,https://i.scdn.co/image/afcdec6dff345cdd37dad153f8016960b0ed65eb,"['classical', 'german opera', 'german romanticism', 'late romantic era']",55,https://api.spotify.com/v1/artists/1C1x4MVkql8AiABuTw6DgE,589477
174,4XfkQ6qBTSdds4GqBAlt0E,Nina Abdel Malak,https://i.scdn.co/image/ab6761610000e5eb7081edcd6fc3a2d1fe85dfb2,['lebanese pop'],27,https://api.spotify.com/v1/artists/4XfkQ6qBTSdds4GqBAlt0E,10343
175,2eQ5uR5wKDEQ5zKPQyLHC1,Adham Nabulsi,https://i.scdn.co/image/ab6761610000e5eb2cde67713183c2b94ebb7451,"['arab pop', 'jordanian pop']",22,https://api.spotify.com/v1/artists/2eQ5uR5wKDEQ5zKPQyLHC1,1188234
176,0dE9ooTNz8iEKIKItRI66t,Il Volo,https://i.scdn.co/image/ab6761610000e5ebcab596e3c88069e21fa69467,"['italian progressive rock', 'operatic pop']",59,https://api.spotify.com/v1/artists/0dE9ooTNz8iEKIKItRI66t,586450
177,5WBO8UyOuJ1l7ZBqqBimpO,YUI,https://i.scdn.co/image/ab6761610000e5eb8f1a9645d31010a8f81b7e89,"['j-pop', 'j-poprock']",57,https://api.spotify.com/v1/artists/5WBO8UyOuJ1l7ZBqqBimpO,454105
178,72482nIO3fujPgLNJQWuCy,Mohsen Yeganeh,https://i.scdn.co/image/ab6761610000e5eb8c27c4496f4596cfef8f8359,"['afghan pop', 'persian pop']",44,https://api.spotify.com/v1/artists/72482nIO3fujPgLNJQWuCy,169864
179,6AiX12wXdXFoGJ2vk8zBjy,Yuvan Shankar Raja,https://i.scdn.co/image/ab6761610000e5eb7249dd34afa1c09e205260f4,"['filmi', 'kollywood']",77,https://api.spotify.com/v1/artists/6AiX12wXdXFoGJ2vk8zBjy,9492256
180,70vCC614T0CWhPaIjDo9Na,La Luna,https://i.scdn.co/image/ab6761610000e5eb1eb598bb6289be498713d3a1,['indonesian pop rock'],46,https://api.spotify.com/v1/artists/70vCC614T0CWhPaIjDo9Na,20247
181,2TFtv6FOOaX3P6XYfdaLmd,All Artists,https://i.scdn.co/image/ab67616d0000b273708b7576d96b68712d493469,[],8,https://api.spotify.com/v1/artists/2TFtv6FOOaX3P6XYfdaLmd,2000
182,1uNFoZAHBGtllmzznpCI3s,Justin Bieber,https://i.scdn.co/image/ab6761610000e5eb8ae7f2aaa9817a704a87ea36,"['canadian pop', 'pop']",91,https://api.spotify.com/v1/artists/1uNFoZAHBGtllmzznpCI3s,71240509
183,5WUlDfRSoLAfcVSX1WnrxN,Sia,https://i.scdn.co/image/ab6761610000e5ebec40474426f4401a4203dc9f,"['australian dance', 'australian pop', 'dance pop', 'pop']",85,https://api.spotify.com/v1/artists/5WUlDfRSoLAfcVSX1WnrxN,26021844
184,70B80Lwx2sxti0M1Ng9e8K,Udit Narayan,https://i.scdn.co/image/ab6761610000e5eb8de0e6e7e55d7773931ab7f4,"['chutney', 'filmi']",78,https://api.spotify.com/v1/artists/70B80Lwx2sxti0M1Ng9e8K,9437229
185,6xErgeZYatiaQ36SB5bvi8,告五人,https://i.scdn.co/image/ab6761610000e5ebee1d003e321b2e02a9abf983,"['mandopop', 'taiwan indie']",64,https://api.spotify.com/v1/artists/6xErgeZYatiaQ36SB5bvi8,552479
186,4RSyJzf7ef6Iu2rnLdabNq,Willy William,https://i.scdn.co/image/ab6761610000e5ebdde80699594b5d8641951c82,['francoton'],67,https://api.spotify.com/v1/artists/4RSyJzf7ef6Iu2rnLdabNq,218938
187,5ZsFI1h6hIdQRw2ti0hz81,ZAYN,https://i.scdn.co/image/ab6761610000e5eb9fbf7133dfc04d4cd44ccd36,"['dance pop', 'pop', 'uk pop']",77,https://api.spotify.com/v1/artists/5ZsFI1h6hIdQRw2ti0hz81,22126445
188,5Uvn1P3OFu268QovsUAnDu,Madan Mohan,https://i.scdn.co/image/ab67616d0000b27396fa496a2cfc301430589024,"['classic bollywood', 'filmi', 'indian instrumental', 'modern bollywood']",58,https://api.spotify.com/v1/artists/5Uvn1P3OFu268QovsUAnDu,1106625
189,3bWIy9AUrQdiNeS62Bp3OP,Shae Gill,https://i.scdn.co/image/ab67616d0000b2733f3d35703bdcd917dad51c4f,[],62,https://api.spotify.com/v1/artists/3bWIy9AUrQdiNeS62Bp3OP,684001
190,3OLGltG8UPIea8sA4w0yg0,Rahat Fateh Ali Khan,https://i.scdn.co/image/ab6761610000e5ebac45eaf028dc58810df0f382,"['classic pakistani pop', 'filmi', 'modern bollywood', 'qawwali', 'sufi']",73,https://api.spotify.com/v1/artists/3OLGltG8UPIea8sA4w0yg0,13884988
191,6PL8FkAt5nOZwYpPIhuAJg,Padi,https://i.scdn.co/image/ab6761610000e5ebafb89fa9e33991f0ed8ce59f,['classic indonesian rock'],59,https://api.spotify.com/v1/artists/6PL8FkAt5nOZwYpPIhuAJg,1716008
192,7BugP3twaHMfVgDlgiEvLc,Ahmed Sheba,https://i.scdn.co/image/ab67616d0000b273fb8606118ab11754bff71a46,"['arab pop', 'shaabi']",36,https://api.spotify.com/v1/artists/7BugP3twaHMfVgDlgiEvLc,284512
193,3PsGl5WnUEgF3OYFoH02Lf,ADÇ Korosu,,[],0,https://api.spotify.com/v1/artists/3PsGl5WnUEgF3OYFoH02Lf,2954
194,6eUKZXaKkcviH0Ku9w2n3V,Ed Sheeran,https://i.scdn.co/image/ab6761610000e5eb9e690225ad4445530612ccc9,"['pop', 'uk pop']",91,https://api.spotify.com/v1/artists/6eUKZXaKkcviH0Ku9w2n3V,111186763
195,5jii08sWD8V92EdOofQo52,Moustafa Hagag,https://i.scdn.co/image/ab6761610000e5ebc145c2e137166210b6a5687f,['arab pop'],40,https://api.spotify.com/v1/artists/5jii08sWD8V92EdOofQo52,520826
196,5Nmm8A6gr93sRxz1SckQj1,Najwa Karam,https://i.scdn.co/image/ab67616d0000b2732ec7cae806b3076a192e1e06,"['arab pop', 'belly dance', 'dabke', 'lebanese pop']",40,https://api.spotify.com/v1/artists/5Nmm8A6gr93sRxz1SckQj1,906378
197,7hmSHY9HVVQKejpGbPbo16,詹雯婷,https://i.scdn.co/image/ab6761610000e5eb507cd4d6d349b4732deaf895,['taiwan singer-songwriter'],50,https://api.spotify.com/v1/artists/7hmSHY9HVVQKejpGbPbo16,21334
198,46FJPTBdnCK0GMd76nil6e,Yara,https://i.scdn.co/image/ab6761610000e5eb407c6cd7c232cb40f87e50c6,"['arab pop', 'lebanese pop']",39,https://api.spotify.com/v1/artists/46FJPTBdnCK0GMd76nil6e,298508
199,2gXOOKY8mmJG6iwHrTq9gp,Jawad Ahmad,https://i.scdn.co/image/ab67616d0000b273d1f803cbe9c43700b4ea6895,"['classic pakistani pop', 'modern bollywood', 'pakistani pop']",59,https://api.spotify.com/v1/artists/2gXOOKY8mmJG6iwHrTq9gp,147325
200,03EYBMnqSchCMp5D9qmFXi,Stacey Kent,https://i.scdn.co/image/ab6761610000e5eb522329e6e2d2a595f8a4cd5e,"['contemporary vocal jazz', 'vocal jazz']",61,https://api.spotify.com/v1/artists/03EYBMnqSchCMp5D9qmFXi,259881
201,6FtZhorjCMfkaVJ7kKdmq7,Payal Dev,https://i.scdn.co/image/ab6761610000e5ebad471d68dd2bb62e7d0ebb49,"['desi pop', 'filmi', 'modern bollywood']",67,https://api.spotify.com/v1/artists/6FtZhorjCMfkaVJ7kKdmq7,1379345
202,5E0ZEllVLvhodbjpK5k9s1,Potret,https://i.scdn.co/image/ab6761610000e5eb9eeac346f1b92132cf86f98e,"['indonesian pop', 'indonesian pop rock']",48,https://api.spotify.com/v1/artists/5E0ZEllVLvhodbjpK5k9s1,132019
203,05LLsyiJRSjBpe54u0jJRz,Waleed Al Shami,https://i.scdn.co/image/ab6761610000e5ebc33b740145fa6536dd745822,"['arab pop', 'khaleeji iraqi', 'khaliji']",32,https://api.spotify.com/v1/artists/05LLsyiJRSjBpe54u0jJRz,185104
204,4IWBUUAFIplrNtaOHcJPRM,James Arthur,https://i.scdn.co/image/ab6761610000e5eb6867a4ce52401bd378bb5179,"['pop', 'talent show', 'uk pop']",82,https://api.spotify.com/v1/artists/4IWBUUAFIplrNtaOHcJPRM,11534738
205,5jFvzkcrrV8TqpRo2sMRuK,Faisal Abdulkareem,https://i.scdn.co/image/ab67616d0000b273f74af552cbb62b8f74268f7b,"['khaleeji iraqi', 'khaliji']",29,https://api.spotify.com/v1/artists/5jFvzkcrrV8TqpRo2sMRuK,250724
206,09UmIX92EUH9hAK4bxvHx6,Mithoon,https://i.scdn.co/image/ab6761610000e5eb632872204269d4b950c97731,"['desi pop', 'filmi', 'modern bollywood']",69,https://api.spotify.com/v1/artists/09UmIX92EUH9hAK4bxvHx6,5376998
207,3WwGRA2o4Ux1RRMYaYDh7N,Mariya Takeuchi,https://i.scdn.co/image/ab6761610000e5eba875bb454e7224f7d031f3aa,"['classic city pop', 'idol kayo', 'japanese singer-songwriter']",58,https://api.spotify.com/v1/artists/3WwGRA2o4Ux1RRMYaYDh7N,587791
208,3dN9MQpjIyNxyeRfz4EDZe,Rochak Kohli,https://i.scdn.co/image/ab6761610000e5ebf5307f741767ab8da198a0b9,"['desi pop', 'modern bollywood']",71,https://api.spotify.com/v1/artists/3dN9MQpjIyNxyeRfz4EDZe,472265
209,7vk5e3vY1uw9plTHJAMwjN,Alan Walker,https://i.scdn.co/image/ab6761610000e5ebce202eea14763b8b7696936e,"['electro house', 'pop']",81,https://api.spotify.com/v1/artists/7vk5e3vY1uw9plTHJAMwjN,37554317
210,0du5cEVh5yTK9QJze8zA0C,Bruno Mars,https://i.scdn.co/image/ab6761610000e5ebc36dd9eb55fb0db4911f25dd,"['dance pop', 'pop']",89,https://api.spotify.com/v1/artists/0du5cEVh5yTK9QJze8zA0C,47567533
211,1OPqAyxsQc8mcRmoNBAnVk,Dhvani Bhanushali,https://i.scdn.co/image/ab6761610000e5eb163a20ead4e7e7cb08df8567,"['desi pop', 'filmi', 'modern bollywood']",70,https://api.spotify.com/v1/artists/1OPqAyxsQc8mcRmoNBAnVk,3733284
212,2D7RkvtKKb6E5UmbjQM1Jd,Georges Bizet,https://i.scdn.co/image/4a640bd1a558a58cc4dc3b8effec7747ae55ce17,"['classical', 'french opera', 'french romanticism', 'late romantic era']",59,https://api.spotify.com/v1/artists/2D7RkvtKKb6E5UmbjQM1Jd,232200
213,738wLrAtLtCtFOLvQBXOXp,Major Lazer,https://i.scdn.co/image/ab6761610000e5eb133f44ab343b35c715a4ac97,"['dance pop', 'edm', 'electro house', 'moombahton', 'pop', 'pop dance', 'tropical house']",75,https://api.spotify.com/v1/artists/738wLrAtLtCtFOLvQBXOXp,6346198
214,3HjeybkGcNxRVdu9mSvKJG,Salo,,[],0,https://api.spotify.com/v1/artists/3HjeybkGcNxRVdu9mSvKJG,48
215,4S9EykWXhStSc15wEx8QFK,Céline Dion,https://i.scdn.co/image/ab6761610000e5eb357f2a87bf92208767a48e7e,['canadian pop'],75,https://api.spotify.com/v1/artists/4S9EykWXhStSc15wEx8QFK,7242014
216,1SyKki7JI1AZNKwgNMkn25,Sachet-Parampara,https://i.scdn.co/image/ab6761610000e5eb9415df28058107b5d54f9fad,"['desi pop', 'modern bollywood']",64,https://api.spotify.com/v1/artists/1SyKki7JI1AZNKwgNMkn25,501770
217,7Dx7RhX0mFuXhCOUgB01uM,JJ Lin,https://i.scdn.co/image/ab6761610000e5eb181b3f24c2a457e7fa3edb59,"['mandopop', 'singaporean mandopop', 'singaporean pop']",68,https://api.spotify.com/v1/artists/7Dx7RhX0mFuXhCOUgB01uM,2525197
218,3ZKkHPTZTq8z8pokwZiInd,KÖFN,https://i.scdn.co/image/ab6761610000e5eb6e815f483fff1a8fb056ec34,['turkish alt pop'],64,https://api.spotify.com/v1/artists/3ZKkHPTZTq8z8pokwZiInd,418970
219,1SJOL9HJ08YOn92lFcYf8a,Shankar Mahadevan,https://i.scdn.co/image/ab6761610000e5eb3f27a828c24d73cf0427e2e7,['filmi'],75,https://api.spotify.com/v1/artists/1SJOL9HJ08YOn92lFcYf8a,6944953
220,5DeRKZrVXp7WP1Y440UwLc,Gerardo Matos Rodriguez,,[],29,https://api.spotify.com/v1/artists/5DeRKZrVXp7WP1Y440UwLc,1043
221,74OaRjmyh0XyRZsQQQ5l7c,Jasleen Royal,https://i.scdn.co/image/ab6761610000e5eb73704d52d8c0bc8a2d852ece,"['desi pop', 'filmi', 'indian singer-songwriter', 'modern bollywood']",68,https://api.spotify.com/v1/artists/74OaRjmyh0XyRZsQQQ5l7c,1161195
222,5igKMxiQnuqwnfu8O2im0n,Folk Studios,https://i.scdn.co/image/ab6761610000e5ebce39c6ccbda4b4a425383db4,[],0,https://api.spotify.com/v1/artists/5igKMxiQnuqwnfu8O2im0n,4853
223,62TD7509VQIxUe4WpwO0s3,Johann Pachelbel,https://i.scdn.co/image/4c8a440d9c6b4429feb7df77b4fdad86bcabe66f,"['baroque', 'classical', 'german baroque']",58,https://api.spotify.com/v1/artists/62TD7509VQIxUe4WpwO0s3,146714
224,6arfS6PinvWKGyMd1AqgFI,Balqees,https://i.scdn.co/image/ab6761610000e5eb8a7b0004711d35b7a06d6b60,"['arab pop', 'khaleeji iraqi', 'khaliji', 'yemeni pop']",44,https://api.spotify.com/v1/artists/6arfS6PinvWKGyMd1AqgFI,281188
225,0IjIdnhlsKfAfOl5ph5TsE,Mohammad Assaf,https://i.scdn.co/image/ab6761610000e5eb5fef63c8710cc64e77d24b4c,"['arab pop', 'dabke', 'palestinian alternative', 'palestinian pop', 'palestinian traditional']",42,https://api.spotify.com/v1/artists/0IjIdnhlsKfAfOl5ph5TsE,162987
226,5fEQLwq1BWWQNR8GzhOIvi,Eric Chou,https://i.scdn.co/image/ab6761610000e5ebb02116c5e760ff53c8676a7c,['mandopop'],66,https://api.spotify.com/v1/artists/5fEQLwq1BWWQNR8GzhOIvi,1235641
227,6I3M904Y9IwgDjrQ9pANiB,Kenny G,https://i.scdn.co/image/ab6772690000c46cb1c9c1588c4035499770118f,"['smooth jazz', 'smooth saxophone']",63,https://api.spotify.com/v1/artists/6I3M904Y9IwgDjrQ9pANiB,966016
228,5j4HeCoUlzhfWtjAfM1acR,Stromae,https://i.scdn.co/image/ab6761610000e5eb5e22bd1057446fccb9fce27c,"['belgian pop', 'g-house']",73,https://api.spotify.com/v1/artists/5j4HeCoUlzhfWtjAfM1acR,2949114
229,7HCqGPJcQTyGJ2yqntbuyr,Amit Trivedi,https://i.scdn.co/image/ab6761610000e5eb1dcbb331f2318db2dd2c6bcf,"['desi pop', 'filmi', 'modern bollywood']",71,https://api.spotify.com/v1/artists/7HCqGPJcQTyGJ2yqntbuyr,6952405
230,44XAmn8OQeCCeigsJuju7D,Ratu,https://i.scdn.co/image/ab67616d0000b273590a08574756e4b72b54d8c9,['indonesian pop'],44,https://api.spotify.com/v1/artists/44XAmn8OQeCCeigsJuju7D,324198
231,0fhunuOz2OuOEr3YK5ctSm,Thalapathy Vijay,https://i.scdn.co/image/ab6761610000e5ebd8f08b897814e1bf70efccfa,[],62,https://api.spotify.com/v1/artists/0fhunuOz2OuOEr3YK5ctSm,232056
232,5rQoBDKFnd1n6BkdbgVaRL,Guru Randhawa,https://i.scdn.co/image/ab6761610000e5eb763eb4c279c361127cd79700,"['desi pop', 'filmi', 'modern bollywood']",71,https://api.spotify.com/v1/artists/5rQoBDKFnd1n6BkdbgVaRL,14810763
233,7d2iWImkHTGIJ1upSfN45E,Shanty,https://i.scdn.co/image/ab6761610000e5eb424e48832f16ef0e04b83c7b,"['classic indo pop', 'indonesian pop', 'indonesian pop rock']",40,https://api.spotify.com/v1/artists/7d2iWImkHTGIJ1upSfN45E,13004
234,3AQRLZ9PuTAozP28Skbq8V,The Script,https://i.scdn.co/image/ab6761610000e5ebf01bf904b446e4a043acb867,"['celtic rock', 'dance pop', 'neo mellow', 'pop', 'pop rock', 'post-teen pop', 'viral pop']",74,https://api.spotify.com/v1/artists/3AQRLZ9PuTAozP28Skbq8V,7823630
235,7EQ0qTo7fWT7DPxmxtSYEc,Bastille,https://i.scdn.co/image/ab6761610000e5ebfb7a0fe5a0e33cf5325fcd91,"['metropopolis', 'modern rock', 'neo mellow', 'pop']",75,https://api.spotify.com/v1/artists/7EQ0qTo7fWT7DPxmxtSYEc,5323764
236,0X2BH1fck6amBIoJhDVmmJ,Ellie Goulding,https://i.scdn.co/image/ab6761610000e5eb854b6139b96beb6dbc398e06,"['dance pop', 'indietronica', 'metropopolis', 'pop', 'uk pop']",82,https://api.spotify.com/v1/artists/0X2BH1fck6amBIoJhDVmmJ,11848652
237,75FhU39jo2xmyiObiDGXAo,Andien,https://i.scdn.co/image/ab6761610000e5eb16a73fb9eb891393b92144cc,"['indonesian jazz', 'indonesian pop']",50,https://api.spotify.com/v1/artists/75FhU39jo2xmyiObiDGXAo,326841
238,5wJ1H6ud777odtZl5gG507,Vishal Mishra,https://i.scdn.co/image/ab6761610000e5eb7b9ee67e9b483caaf4d3d2f7,"['desi pop', 'filmi', 'modern bollywood']",69,https://api.spotify.com/v1/artists/5wJ1H6ud777odtZl5gG507,982718
239,03SZmfKAgYRQKUwy0EoJUa,Roop Kumar Rathod,https://i.scdn.co/image/ab6761610000e5ebed9f71fa78741d6b30cb7d49,"['filmi', 'modern bollywood', 'sufi']",65,https://api.spotify.com/v1/artists/03SZmfKAgYRQKUwy0EoJUa,3017126
240,611ajYp7fMbkU5CYF08tje,Audy,https://i.scdn.co/image/ab6761610000e5eb57e03ee8e4a5acd8415f8cd3,['indonesian pop'],62,https://api.spotify.com/v1/artists/611ajYp7fMbkU5CYF08tje,349898
241,79b2ipSR68Uf9EzA438KZt,Chawki,https://i.scdn.co/image/ab6761610000e5ebe06269955c5d5984d69e3bc8,['moroccan pop'],54,https://api.spotify.com/v1/artists/79b2ipSR68Uf9EzA438KZt,23199
242,5cB4d4jPYjMT326sjihQ4m,Shaan,https://i.scdn.co/image/ab6761610000e5ebdeea5cdcb379d8ef0c31f8bc,"['filmi', 'modern bollywood']",68,https://api.spotify.com/v1/artists/5cB4d4jPYjMT326sjihQ4m,5446253
243,5GnnSrwNCGyfAU4zuIytiS,Mohit Chauhan,https://i.scdn.co/image/ab6761610000e5eb16691117e2ba803946b203ba,"['filmi', 'modern bollywood']",75,https://api.spotify.com/v1/artists/5GnnSrwNCGyfAU4zuIytiS,6974418
244,5qcUi3oMaK4hXcKGNSkceT,Aryan Rai,,[],0,https://api.spotify.com/v1/artists/5qcUi3oMaK4hXcKGNSkceT,156
245,0oXeb3Z8lPe5ObsbBGicML,Abu,https://i.scdn.co/image/ab6761610000e5ebdb971c86d7c8543da78924eb,"['arab pop', 'egyptian alternative', 'egyptian pop']",49,https://api.spotify.com/v1/artists/0oXeb3Z8lPe5ObsbBGicML,173864
246,4sEWznAKWWNcicTuLxzb6d,Nidji,https://i.scdn.co/image/ab6761610000e5eb742227e426d0ea5c9d0fd0d2,"['indonesian pop', 'indonesian pop rock']",58,https://api.spotify.com/v1/artists/4sEWznAKWWNcicTuLxzb6d,1024838
247,5y2Xq6xcjJb2jVM54GHK3t,John Legend,https://i.scdn.co/image/ab6761610000e5ebaed3c717bf1753ab928ea88d,"['neo soul', 'pop', 'pop soul', 'urban contemporary']",78,https://api.spotify.com/v1/artists/5y2Xq6xcjJb2jVM54GHK3t,6451399
248,3cKNppGLfcxdt9CtoHEZmQ,Ali Zafar,https://i.scdn.co/image/ab6761610000e5eb4a63849116405206fce30002,"['filmi', 'modern bollywood', 'pakistani pop', 'sufi']",58,https://api.spotify.com/v1/artists/3cKNppGLfcxdt9CtoHEZmQ,1859426
249,1XLGWRdWbnYF5WrI8Kli4m,Hamed Homayoun,https://i.scdn.co/image/ab6761610000e5eb4f5b7395010a85f967cfa51d,"['afghan pop', 'persian pop']",32,https://api.spotify.com/v1/artists/1XLGWRdWbnYF5WrI8Kli4m,37999
250,5ugsiK49gIkIVh8U93EO0z,Ami Mishra,https://i.scdn.co/image/ab6761610000e5ebec48e772cf22f82a316355e4,['modern bollywood'],59,https://api.spotify.com/v1/artists/5ugsiK49gIkIVh8U93EO0z,114648
251,00J3XSB6tD4SGSFflGseDx,Reza Sadeghi,https://i.scdn.co/image/ab6761610000e5ebfb1d29e9f59c2fb9f321dd24,['persian pop'],39,https://api.spotify.com/v1/artists/00J3XSB6tD4SGSFflGseDx,84504
252,2NteKKMj3takKR3ABTd279,Chrisye,https://i.scdn.co/image/ab6761610000e5ebde4b65749982d5d0cd10d5e7,"['indonesian city pop', 'indonesian pop']",59,https://api.spotify.com/v1/artists/2NteKKMj3takKR3ABTd279,1803391
253,2i8aIAYY0wCKbFYWiihztK,Saif Nabeel,https://i.scdn.co/image/ab6761610000e5ebde66ed971157d19abcd81b7f,"['arab pop', 'khaleeji iraqi', 'khaliji']",41,https://api.spotify.com/v1/artists/2i8aIAYY0wCKbFYWiihztK,793343
254,27rK4pP0VMqWiRe7pamKe5,Abhay Jodhpurkar,https://i.scdn.co/image/ab6761610000e5ebe80c3e46e3fefa112c3aaa9f,['modern bollywood'],56,https://api.spotify.com/v1/artists/27rK4pP0VMqWiRe7pamKe5,549479
255,61916eOdlOaV36N2Rhz11i,Kavita Krishnamurti;Udit Narayan;Alka Yagnik,,[],16,https://api.spotify.com/v1/artists/61916eOdlOaV36N2Rhz11i,2713
256,09A6IffSw0t8L8sfuOCVws,Wael Kfoury,https://i.scdn.co/image/ab6761610000e5eb2b2a83e02ec101d646ad31ba,"['arab pop', 'belly dance', 'lebanese pop']",53,https://api.spotify.com/v1/artists/09A6IffSw0t8L8sfuOCVws,1378190
257,2kkQthS9OLpK4UqNWYqoVl,Jeet Gannguli,https://i.scdn.co/image/ab6761610000e5eb4071f043160cd787e6a483ce,"['desi pop', 'filmi', 'modern bollywood']",65,https://api.spotify.com/v1/artists/2kkQthS9OLpK4UqNWYqoVl,885337
258,4jmo0EdvNDABmNDmPmKhMj,Lamis Kan,https://i.scdn.co/image/ab6761610000e5eb28d785951d3ca1280652a8ff,['egyptian pop'],43,https://api.spotify.com/v1/artists/4jmo0EdvNDABmNDmPmKhMj,24742
259,6ZKqWNmLTzV5kMwIh3VeVF,Reza Artamevia,https://i.scdn.co/image/ab6761610000e5eb8b789b23e1b1188030cd489b,"['indonesian city pop', 'indonesian pop']",51,https://api.spotify.com/v1/artists/6ZKqWNmLTzV5kMwIh3VeVF,68200
260,5KBbs98MK59UNMF1VTwMmz,Claudio Capéo,https://i.scdn.co/image/ab6761610000e5eba79ea639a73711438d50b67e,"['chanson', 'french pop', 'variete francaise']",60,https://api.spotify.com/v1/artists/5KBbs98MK59UNMF1VTwMmz,660648
261,5b1CDxqOGnXr5M1DUn2XQh,Hayedeh,https://i.scdn.co/image/ab67616d0000b27320b7a660e5545f5bb39b3b91,"['classic persian pop', 'musiqi-ye zanan']",47,https://api.spotify.com/v1/artists/5b1CDxqOGnXr5M1DUn2XQh,180670
262,6jTjjAjvYvMYfaqi837p5x,L'Arc-en-Ciel,https://i.scdn.co/image/ab6761610000e5eb7874878b628df526a68dac4c,"['anime', 'classic j-pop', 'j-pop', 'visual kei']",57,https://api.spotify.com/v1/artists/6jTjjAjvYvMYfaqi837p5x,748740
263,6WOdPJmexxFINcKMkP2jMG,Sachet Tandon,https://i.scdn.co/image/ab6761610000e5ebb8162865f9d33a22dfac8791,"['desi pop', 'filmi', 'modern bollywood']",72,https://api.spotify.com/v1/artists/6WOdPJmexxFINcKMkP2jMG,963551
264,66CXWjxzNUsdJxJ2JdwvnR,Ariana Grande,https://i.scdn.co/image/ab6761610000e5ebcdce7620dc940db079bf4952,['pop'],91,https://api.spotify.com/v1/artists/66CXWjxzNUsdJxJ2JdwvnR,89521991
265,4K6blSRoklNdpw4mzLxwfn,Kumar Sanu,https://i.scdn.co/image/ab6761610000e5ebdd546aa61ed7b95b04b4d8c3,"['filmi', 'modern bollywood']",75,https://api.spotify.com/v1/artists/4K6blSRoklNdpw4mzLxwfn,9631004
266,3w2HqkKa6upwuXEULtGvnY,FLOW,https://i.scdn.co/image/ab6761610000e5ebfff686c8fc4eccc70df2cbc2,['anime'],60,https://api.spotify.com/v1/artists/3w2HqkKa6upwuXEULtGvnY,431272
267,20J0bUSeZeOoFPjr8FBJO7,Katica Illényi,https://i.scdn.co/image/ab67616d0000b27374afa20ef1bd545364780ede,['theremin'],24,https://api.spotify.com/v1/artists/20J0bUSeZeOoFPjr8FBJO7,4208
268,3iRqbMhzyOyoCkmmMRxLWR,Hu Xia,https://i.scdn.co/image/ab6761610000e5eb742c86f458294c8085cc8f61,"['mainland chinese pop', 'mandopop']",48,https://api.spotify.com/v1/artists/3iRqbMhzyOyoCkmmMRxLWR,148050
269,2ieBl5s08uHBwM8sUPvg65,Nassif Zeytoun,https://i.scdn.co/image/ab6761610000e5ebaccd7b2158773eec28f03d13,"['arab pop', 'dabke', 'syrian pop']",50,https://api.spotify.com/v1/artists/2ieBl5s08uHBwM8sUPvg65,861256
270,1LljnS3oumQ36wdBhkPKrs,Fadel Chaker,https://i.scdn.co/image/ab6761610000e5eba30565c6ab1b7cfe1eab723c,"['arab pop', 'lebanese pop']",48,https://api.spotify.com/v1/artists/1LljnS3oumQ36wdBhkPKrs,1471795
271,04N4sGkSTSxjVfbiItLvTj,Ziad Bourji,https://i.scdn.co/image/ab6761610000e5eb2d4faa95b970b1e2a47817f0,"['arab pop', 'lebanese pop']",45,https://api.spotify.com/v1/artists/04N4sGkSTSxjVfbiItLvTj,260821
272,4vnmifnGOeRXfNTRtgd4Tj,Sexion d'Assaut,https://i.scdn.co/image/ab6761610000e5ebe5380469a579bd4fc105899f,"['francoton', 'french hip hop', 'french pop', 'pop urbaine', 'rap conscient']",59,https://api.spotify.com/v1/artists/4vnmifnGOeRXfNTRtgd4Tj,939680
273,7FvMAbdiffitFmbuJN3Vsk,Emrah Karaduman,https://i.scdn.co/image/ab6761610000e5eb3c686d6f6f07c20d859159e8,"['turkish deep house', 'turkish pop']",54,https://api.spotify.com/v1/artists/7FvMAbdiffitFmbuJN3Vsk,408596
274,1JrJQz0AlGYbLxBnOEWfLx,Rahma Riad,https://i.scdn.co/image/ab6761610000e5eb3d84fe27854b6b058e5a5706,"['khaleeji iraqi', 'khaliji']",45,https://api.spotify.com/v1/artists/1JrJQz0AlGYbLxBnOEWfLx,565331
275,4ckLjJztj53Ifid7WHweBn,Aleyna Tilki,https://i.scdn.co/image/ab6761610000e5ebe7f32a74f53a7e0458c22285,['turkish pop'],60,https://api.spotify.com/v1/artists/4ckLjJztj53Ifid7WHweBn,810874
276,4cGfgRmpFc9zgZMfuSXhqy,Tamer Hosny,https://i.scdn.co/image/ab6761610000e5eb7a3ef62c78542e296c13883f,"['arab pop', 'egyptian pop']",55,https://api.spotify.com/v1/artists/4cGfgRmpFc9zgZMfuSXhqy,3472365
277,37VFhHJtDBkbN3gZnPiWQ3,T-Five,https://i.scdn.co/image/ab6761610000e5ebcee3d77a1e6b74c22f087d9c,"['classic indo pop', 'indonesian pop rock', 'indonesian r&b']",25,https://api.spotify.com/v1/artists/37VFhHJtDBkbN3gZnPiWQ3,9411
278,1TcEy92Hugt8o9STqUDz2D,Hussain Aljassmi,https://i.scdn.co/image/ab6761610000e5eb34181c034bf343108f1b4de8,"['khaliji', 'shaabi']",54,https://api.spotify.com/v1/artists/1TcEy92Hugt8o9STqUDz2D,3193109
279,3eDT9fwXKuHWFvgZaaYC5v,Sunidhi Chauhan,https://i.scdn.co/image/ab6761610000e5eb21a9a4198a25ad25ff3c45ff,"['desi pop', 'filmi', 'modern bollywood']",74,https://api.spotify.com/v1/artists/3eDT9fwXKuHWFvgZaaYC5v,13717710
280,4gzpq5DPGxSnKTe4SA8HAU,Coldplay,https://i.scdn.co/image/ab6761610000e5eb989ed05e1f0570cc4726c2d3,"['permanent wave', 'pop']",89,https://api.spotify.com/v1/artists/4gzpq5DPGxSnKTe4SA8HAU,43318166
281,69GGBxA162lTqCwzJG5jLp,The Chainsmokers,https://i.scdn.co/image/ab6761610000e5eb3c02f4fb4cc9187c488afd50,"['dance pop', 'edm', 'electropop', 'pop', 'pop dance', 'tropical house']",81,https://api.spotify.com/v1/artists/69GGBxA162lTqCwzJG5jLp,20056560
282,7A6T0nTpXnPXDUGM1yEjEj,Derya Uluğ,https://i.scdn.co/image/ab6761610000e5eba5792833832ee9ca4985cc3f,['turkish pop'],59,https://api.spotify.com/v1/artists/7A6T0nTpXnPXDUGM1yEjEj,940242
283,6hyCmqlpgEhkMKKr65sFgI,Yohani,https://i.scdn.co/image/ab6761610000e5eb8ae49138bf93597b9933e4d3,['sinhala indie'],66,https://api.spotify.com/v1/artists/6hyCmqlpgEhkMKKr65sFgI,156033
284,4YRxDV8wJFPHPTeXepOstw,Arijit Singh,https://i.scdn.co/image/ab6761610000e5eb0261696c5df3be99da6ed3f3,"['desi pop', 'filmi', 'modern bollywood']",89,https://api.spotify.com/v1/artists/4YRxDV8wJFPHPTeXepOstw,73774683
285,0bAsR2unSRpn6BQPEnNlZm,Aimer,https://i.scdn.co/image/ab6761610000e5eb92dac8a69c119f259ec42c8e,"['anime', 'anime rock', 'j-pixie', 'j-pop', 'j-poprock']",70,https://api.spotify.com/v1/artists/0bAsR2unSRpn6BQPEnNlZm,2199003
286,1wRPtKGflJrBx9BmLsSwlU,Pritam,https://i.scdn.co/image/ab6761610000e5ebcb6926f44f620555ba444fca,"['desi pop', 'filmi', 'indian instrumental', 'modern bollywood']",87,https://api.spotify.com/v1/artists/1wRPtKGflJrBx9BmLsSwlU,13326093
287,60d24wfXkVzDSfLS6hyCjZ,Martin Garrix,https://i.scdn.co/image/ab6761610000e5eb66d17ee8690d2e8d94ee7387,"['dutch edm', 'edm', 'pop', 'pop dance', 'progressive house', 'tropical house']",78,https://api.spotify.com/v1/artists/60d24wfXkVzDSfLS6hyCjZ,15779549
288,1BYjhAClGpBTLZfics0VRZ,Aastha Gill,https://i.scdn.co/image/ab6761610000e5ebef6fda79766109dc7da6b9c9,"['desi pop', 'filmi', 'modern bollywood']",64,https://api.spotify.com/v1/artists/1BYjhAClGpBTLZfics0VRZ,3102832
289,0DxeaLnv6SyYk2DOqkLO8c,MAGIC!,https://i.scdn.co/image/ab6761610000e5eb6322d3011e177875f2028dab,['reggae fusion'],67,https://api.spotify.com/v1/artists/0DxeaLnv6SyYk2DOqkLO8c,1307551
290,22VZmipYTMSoNzvBaWkVwF,Abeer Nehme,https://i.scdn.co/image/ab6761610000e5eb2c3b9df09dd0bbca1af87f5c,['assyrian pop'],38,https://api.spotify.com/v1/artists/22VZmipYTMSoNzvBaWkVwF,25469
291,4ubEZ6sMsrrbQChueyouCC,Hivi!,https://i.scdn.co/image/ab6761610000e5eb1322b0732dd62a483196d035,['indonesian pop'],64,https://api.spotify.com/v1/artists/4ubEZ6sMsrrbQChueyouCC,1620294
292,7qG3b048QCHVRO5Pv1T5lw,Enrique Iglesias,https://i.scdn.co/image/ab6761610000e5eb2335f74de53ef9b9fd7889c8,"['dance pop', 'latin pop', 'mexican pop']",77,https://api.spotify.com/v1/artists/7qG3b048QCHVRO5Pv1T5lw,11146885
293,053tL050frPJyo9lPXTUFb,Element,https://i.scdn.co/image/ab6761610000e5ebda0ab983b936a06335497998,['indonesian pop rock'],52,https://api.spotify.com/v1/artists/053tL050frPJyo9lPXTUFb,35105
294,6zZrFenNe3YPttxZsnQQs1,Akhil,https://i.scdn.co/image/ab6761610000e5ebec20e1f55b66ea9138ff8e91,"['desi hip hop', 'desi pop', 'punjabi pop']",65,https://api.spotify.com/v1/artists/6zZrFenNe3YPttxZsnQQs1,3522719
295,6AphpMkKDU4I3Z6XaGu1UV,Vincenzo Bellini,https://i.scdn.co/image/c1f7ed24ef31ba3d9ce8d10b1360a1468622e5b9,"['classical', 'early romantic era', 'italian opera', 'italian romanticism', 'opera']",46,https://api.spotify.com/v1/artists/6AphpMkKDU4I3Z6XaGu1UV,44921
296,4RSTuj15Y2BjrXR5fTDh2m,Katon Bagaskara,https://i.scdn.co/image/ab6761610000e5ebfc7ed58b9f219791a0ce89f9,['indonesian pop'],40,https://api.spotify.com/v1/artists/4RSTuj15Y2BjrXR5fTDh2m,193273
297,1HVwzNriKEjaeE06okqSpx,Carla Bruni,https://i.scdn.co/image/ab6761610000e5eb1d05c17e7271984b1e009d6f,['chanson'],62,https://api.spotify.com/v1/artists/1HVwzNriKEjaeE06okqSpx,491401
298,3Z7GwK4hUEczTklLsVedcx,Ayla Çelik,https://i.scdn.co/image/ab6761610000e5ebffba21c7bdfe99fc736d2d5c,"['turkish pop', 'turkish singer-songwriter']",40,https://api.spotify.com/v1/artists/3Z7GwK4hUEczTklLsVedcx,43871
299,1mpOD8ZwHnbsryIuXWq0R1,Zeynep Bastık,https://i.scdn.co/image/ab6761610000e5eba45ccb59fe03d5a2c9527554,['turkish pop'],65,https://api.spotify.com/v1/artists/1mpOD8ZwHnbsryIuXWq0R1,1853929
300,4YgUVg4p7xtMOrOS4GjiJZ,Jatin-Lalit,https://i.scdn.co/image/ab6761610000e5eb4b372f2d1081a20534632a64,"['afghan pop', 'chutney', 'classic bollywood', 'filmi']",67,https://api.spotify.com/v1/artists/4YgUVg4p7xtMOrOS4GjiJZ,185671
301,61JrslREXq98hurYL2hYoc,Lata Mangeshkar,https://i.scdn.co/image/ab6761610000e5eba0199b159c0c5a9f62333d32,"['classic bollywood', 'filmi', 'lata']",76,https://api.spotify.com/v1/artists/61JrslREXq98hurYL2hYoc,8825829
302,6jIhEiXcCAyBsuEI7qZ9vc,Ken Hirai,https://i.scdn.co/image/ab6761610000e5ebbfa2e97328402729c0812038,"['classic j-pop', 'j-pop', 'japanese singer-songwriter']",54,https://api.spotify.com/v1/artists/6jIhEiXcCAyBsuEI7qZ9vc,821594
303,4vhNDa5ycK0ST968ek7kRr,Carlos Vives,https://i.scdn.co/image/ab6761610000e5eb18f5ea6570e1301a546ecd73,"['colombian pop', 'latin pop', 'vallenato']",75,https://api.spotify.com/v1/artists/4vhNDa5ycK0ST968ek7kRr,5893311
304,1sqYIwXAmhrcSTsYmsTFAr,Ari Lasso,https://i.scdn.co/image/ab6761610000e5eb4e1ed336c3ff93a95fa44e14,['indonesian pop'],59,https://api.spotify.com/v1/artists/1sqYIwXAmhrcSTsYmsTFAr,1421459
305,6VbRanWSU3pdDhJnhSfGmY,Harlem Yu,https://i.scdn.co/image/ab6761610000e5eb69fe9645ff5eafe34e38f4f3,"['classic mandopop', 'mandopop']",47,https://api.spotify.com/v1/artists/6VbRanWSU3pdDhJnhSfGmY,161465
306,0GOx72r5AAEKRGQFn3xqXK,GIMS,https://i.scdn.co/image/ab6761610000e5eb77144f838397a467e807df65,"['francoton', 'french hip hop', 'french pop', 'rap conscient']",72,https://api.spotify.com/v1/artists/0GOx72r5AAEKRGQFn3xqXK,3842720
307,2RbLkzeXt1nlcW5JS7aBAD,Vina Panduwinata,https://i.scdn.co/image/ab67616d0000b273f5baa8d0302bad454b4ee670,"['dangdut', 'indonesian city pop', 'indonesian pop']",45,https://api.spotify.com/v1/artists/2RbLkzeXt1nlcW5JS7aBAD,219597
308,3rheXKaagQZvPzvILwFKV8,علي جاسم و محمود التركي,,[],0,https://api.spotify.com/v1/artists/3rheXKaagQZvPzvILwFKV8,12
309,0T1CMVkqffHlqEk4BcAph1,Tulsi Kumar,https://i.scdn.co/image/ab6761610000e5eb83d4a8d5a540702afe80f305,"['desi pop', 'filmi', 'modern bollywood']",72,https://api.spotify.com/v1/artists/0T1CMVkqffHlqEk4BcAph1,6652009
310,2wY79sveU1sp5g7SokKOiI,Sam Smith,https://i.scdn.co/image/ab6761610000e5eb10ca40ea0b0b5082dba0ff75,"['dance pop', 'pop', 'uk pop']",87,https://api.spotify.com/v1/artists/2wY79sveU1sp5g7SokKOiI,22304251
311,5hT3CHUnrkUFsgGAvEPSQC,Swaroop Khan,https://i.scdn.co/image/ab67616d0000b273801788ab05ccc5a00fc3a797,[],46,https://api.spotify.com/v1/artists/5hT3CHUnrkUFsgGAvEPSQC,1007
312,40tNK2YedBV2jRFAHxpifB,David Tao,https://i.scdn.co/image/ab67616d0000b2737c20fb440980c4f2f24346c5,"['chinese r&b', 'mandopop', 'taiwan pop', 'taiwan singer-songwriter']",57,https://api.spotify.com/v1/artists/40tNK2YedBV2jRFAHxpifB,382630
313,2JwyRtuXf2l6sTnSnGVIa1,Farid Bang,https://i.scdn.co/image/ab6761610000e5eb2a7bec682045f41f28b06e3a,['german hip hop'],64,https://api.spotify.com/v1/artists/2JwyRtuXf2l6sTnSnGVIa1,838518
314,4f7KfxeHq9BiylGmyXepGt,Tanishk Bagchi,https://i.scdn.co/image/ab6761610000e5eb50559387e7830328533792a6,"['desi pop', 'filmi', 'modern bollywood']",80,https://api.spotify.com/v1/artists/4f7KfxeHq9BiylGmyXepGt,2800205
315,5d0bxRte3J74ZXyEGRL8uU,Dato' Sri Siti Nurhaliza,https://i.scdn.co/image/ab6761610000e5ebcb0d2ffcc9a2e8caddaa87e7,"['classic malaysian pop', 'malaysian pop']",59,https://api.spotify.com/v1/artists/5d0bxRte3J74ZXyEGRL8uU,1300219
316,2zvJLk0gTH7r7A5Q6X5Bq8,Javed-Mohsin,https://i.scdn.co/image/ab6761610000e5eb8a40587c51625baf4a070c29,['modern bollywood'],63,https://api.spotify.com/v1/artists/2zvJLk0gTH7r7A5Q6X5Bq8,233542
317,0TxBLummgAxRkxn21HrLDp,Mannat Noor,https://i.scdn.co/image/ab6761610000e5eb77e059144c8e8bec62104cbf,"['desi pop', 'punjabi pop']",47,https://api.spotify.com/v1/artists/0TxBLummgAxRkxn21HrLDp,225438
318,0jIWKlfmD4Ew7HeVVrq03g,Elyanna,https://i.scdn.co/image/ab6761610000e5eb1d9f45024fd7c4fcf6256148,['palestinian pop'],49,https://api.spotify.com/v1/artists/0jIWKlfmD4Ew7HeVVrq03g,62550
319,5h2jTdwf4p0dM34aBykPzZ,İrem Derici,https://i.scdn.co/image/ab6761610000e5eb5109f3aab86e3bf4af557af3,['turkish pop'],66,https://api.spotify.com/v1/artists/5h2jTdwf4p0dM34aBykPzZ,962022
320,53XhwfbYqKCa1cC15pYq2q,Imagine Dragons,https://i.scdn.co/image/ab6761610000e5eb920dc1f617550de8388f368e,"['modern rock', 'pop', 'rock']",89,https://api.spotify.com/v1/artists/53XhwfbYqKCa1cC15pYq2q,47034390
321,23FAusP01zQUBEdq02lFeC,Memes,https://i.scdn.co/image/ab6761610000e5eb8d88af58ae2798cb47b66d88,['classic indo pop'],34,https://api.spotify.com/v1/artists/23FAusP01zQUBEdq02lFeC,53825
322,7CajNmpbOovFoOoasH2HaY,Calvin Harris,https://i.scdn.co/image/ab6761610000e5eb37bff6aa1d42bede9048750f,"['dance pop', 'edm', 'electro house', 'house', 'pop', 'pop dance', 'progressive house', 'uk dance']",87,https://api.spotify.com/v1/artists/7CajNmpbOovFoOoasH2HaY,23316232
323,7p2aOXY5bfHyjujI3fCWTu,Brandon Beal,https://i.scdn.co/image/ab6761610000e5eb488f8572644f3d15fd29089c,['danish pop'],49,https://api.spotify.com/v1/artists/7p2aOXY5bfHyjujI3fCWTu,36972
324,4Ou3mlRlqMFX0v6THuRlu6,Krisdayanti,https://i.scdn.co/image/88998babbbfd1cdf6b4d5120ec8dc03f15a3dc36,"['indonesian city pop', 'indonesian pop', 'indonesian pop rock']",50,https://api.spotify.com/v1/artists/4Ou3mlRlqMFX0v6THuRlu6,198132
325,52lsD82iOqGtyfEMqWgk4f,Umm Kulthum,https://i.scdn.co/image/ab6761610000e5eb895248b93b865058f3ce1e58,"['classic arab pop', 'microtonal']",45,https://api.spotify.com/v1/artists/52lsD82iOqGtyfEMqWgk4f,1249369
326,6MDME20pz9RveH9rEXvrOM,Clean Bandit,https://i.scdn.co/image/ab6761610000e5eb7a487027eb0c10af725d5410,"['dance pop', 'pop', 'pop dance', 'uk dance', 'uk funky']",75,https://api.spotify.com/v1/artists/6MDME20pz9RveH9rEXvrOM,5138590
327,16GyR4WfCnIT2XST4ZLl2B,Melike Şahin,https://i.scdn.co/image/ab6761610000e5eb02a37dac32ba7e9d4c411750,"['turkish alt pop', 'turkish singer-songwriter']",66,https://api.spotify.com/v1/artists/16GyR4WfCnIT2XST4ZLl2B,602537
328,4TH4BHy0LdBi3dpBW4P2UX,R. City,https://i.scdn.co/image/42d26574da8fe764cec5e6c20eb7ea5ae9380f99,"['reggae fusion', 'virgin islands reggae']",64,https://api.spotify.com/v1/artists/4TH4BHy0LdBi3dpBW4P2UX,135661
329,2Ooa3TrmlskyBftzenv6xQ,Payung Teduh,https://i.scdn.co/image/ab6761610000e5ebfc58f42abb126bbe177239cf,"['indonesian folk', 'indonesian indie', 'indonesian pop', 'indonesian singer-songwriter']",65,https://api.spotify.com/v1/artists/2Ooa3TrmlskyBftzenv6xQ,3313147
330,2boacFGRX1WIo7NFS8B0F2,Gazapizm,https://i.scdn.co/image/ab6761610000e5eb5b6dcaf9686ba4167b454e37,['turkish hip hop'],64,https://api.spotify.com/v1/artists/2boacFGRX1WIo7NFS8B0F2,3634770
331,19MVxKZZdPj2X0F8pi0OCT,Sukhwinder Singh,https://i.scdn.co/image/ab6761610000e5ebc89e803f887e3829819bf82a,"['filmi', 'modern bollywood']",69,https://api.spotify.com/v1/artists/19MVxKZZdPj2X0F8pi0OCT,422854
332,6LEG9Ld1aLImEFEVHdWNSB,AP Dhillon,https://i.scdn.co/image/ab6761610000e5ebf965c3fe9ee55f44ef042993,"['desi pop', 'punjabi hip hop', 'punjabi pop']",77,https://api.spotify.com/v1/artists/6LEG9Ld1aLImEFEVHdWNSB,3517227
333,13jj3uGldU7cSQLaFkf2Zm,Ferhat Göçer,https://i.scdn.co/image/ab6761610000e5eb89c27ca25f671c5296753f3f,['turkish pop'],52,https://api.spotify.com/v1/artists/13jj3uGldU7cSQLaFkf2Zm,850020
334,2nVXKyk0tpwNNdD8BBcqvH,Mayumi Itsuwa,https://i.scdn.co/image/ab6761610000e5ebb512a1357dc09a23cf2ea511,"['japanese singer-songwriter', 'kayokyoku']",40,https://api.spotify.com/v1/artists/2nVXKyk0tpwNNdD8BBcqvH,30154
335,5gFPi3KWXEwA9bLEO47Ow0,Sıla,https://i.scdn.co/image/ab6761610000e5ebe9934280294cc5e6f291c37c,['turkish pop'],60,https://api.spotify.com/v1/artists/5gFPi3KWXEwA9bLEO47Ow0,1883451
336,1NCrHXp9R3ogv8ezWWHFNs,Jean-Louis Aubert,https://i.scdn.co/image/ab6761610000e5eb2d25b8b7ad1e5fa9caea510c,"['chanson', 'french pop', 'french rock']",46,https://api.spotify.com/v1/artists/1NCrHXp9R3ogv8ezWWHFNs,234014
337,4k9NyPZz7zajxboTKM17qa,The Groove,https://i.scdn.co/image/ab6761610000e5eb1fd65229c8c1411ff220352f,"['indonesian city pop', 'indonesian jazz', 'indonesian pop']",43,https://api.spotify.com/v1/artists/4k9NyPZz7zajxboTKM17qa,109004
338,0LH01nWLQote2HIUL87BLc,Lena Chamamyan,https://i.scdn.co/image/ab67616d0000b27328cfc8fdba73216613ca9087,"['arab folk', 'arabic jazz', 'syrian pop']",38,https://api.spotify.com/v1/artists/0LH01nWLQote2HIUL87BLc,149300
339,4jqOuZDAtFnB3uGEnNxlvX,Hélène Ségara,https://i.scdn.co/image/ab6761610000e5ebd510ad5b2f92467106ea63ab,"['chanson', 'french pop']",47,https://api.spotify.com/v1/artists/4jqOuZDAtFnB3uGEnNxlvX,174012
340,1sWV2X7SzXd06hEO2EttHl,Abdulrahman Mohammed,https://i.scdn.co/image/ab6761610000e5ebeba526c6baf79e6497e9e6cc,['arab alternative'],44,https://api.spotify.com/v1/artists/1sWV2X7SzXd06hEO2EttHl,185791
341,3IDPcBP4OoTNvm3b4h46cW,Shadmehr Aghili,https://i.scdn.co/image/ab6761610000e5ebc51d27bbd5a43ab60e6a75b1,['persian pop'],48,https://api.spotify.com/v1/artists/3IDPcBP4OoTNvm3b4h46cW,252463
342,1Fg19vpUJpAAPFjnKaVYVW,Reynmen,https://i.scdn.co/image/ab6761610000e5eb247489fe9bf255215c0c07d7,['turkish hip hop'],68,https://api.spotify.com/v1/artists/1Fg19vpUJpAAPFjnKaVYVW,2751787
343,7CSVCLVcIfpaNCQh7BxqKN,Jikustik,https://i.scdn.co/image/cbd6623e251e29ff38140b68941e4d8f8bb73da9,"['indonesian pop', 'indonesian pop rock']",47,https://api.spotify.com/v1/artists/7CSVCLVcIfpaNCQh7BxqKN,573650
344,2oSONSC9zQ4UonDKnLqksx,Atif Aslam,https://i.scdn.co/image/ab6761610000e5ebc40600e02356cc86f0debe84,"['classic pakistani pop', 'desi pop', 'filmi', 'modern bollywood', 'sufi']",77,https://api.spotify.com/v1/artists/2oSONSC9zQ4UonDKnLqksx,14028967
345,7J2gs5q2wLq6lU4q4wkyuV,Momina Mustehsan,https://i.scdn.co/image/ab6761610000e5ebf4d6a04ac981e6981de335ad,"['pakistani pop', 'sufi']",58,https://api.spotify.com/v1/artists/7J2gs5q2wLq6lU4q4wkyuV,564021
346,4rdSHzO4enUlVxdQeHPGTp,Rachel Liang,https://i.scdn.co/image/ab6761610000e5eb2eabb4384bfc370b2cac7e0c,['mandopop'],46,https://api.spotify.com/v1/artists/4rdSHzO4enUlVxdQeHPGTp,124232
347,6VuMaDnrHyPL1p4EHjYLi7,Charlie Puth,https://i.scdn.co/image/ab6761610000e5eb4e2e2c78de847c4d9b12d32f,"['dance pop', 'pop', 'viral pop']",83,https://api.spotify.com/v1/artists/6VuMaDnrHyPL1p4EHjYLi7,19961288
348,0IsEbw5riP2C8gTIosVQrm,Jamila,https://i.scdn.co/image/ab6761610000e5ebc5e4fa9eddc7af6555fd7b75,['musique mariage algerien'],29,https://api.spotify.com/v1/artists/0IsEbw5riP2C8gTIosVQrm,1592
349,2RJBv9wXbW6m539q9NOfW1,Soprano,https://i.scdn.co/image/ab6761610000e5eb6cf8b66eb6d4e29505ab2db9,"['francoton', 'french hip hop', 'french pop', 'rap marseille']",63,https://api.spotify.com/v1/artists/2RJBv9wXbW6m539q9NOfW1,3117175
350,68rvMwPL0yMbYR5cv0pzCR,Elissa,https://i.scdn.co/image/ab6761610000e5ebb7f447d9e9acadd9da18d9b1,"['arab pop', 'lebanese pop']",54,https://api.spotify.com/v1/artists/68rvMwPL0yMbYR5cv0pzCR,2975678
351,6Mv8GjQa7LKUGCAqa9qqdb,Vishal-Shekhar,https://i.scdn.co/image/ab6761610000e5eb90b6c3d093f9b02aad628eaf,"['desi pop', 'filmi', 'modern bollywood']",78,https://api.spotify.com/v1/artists/6Mv8GjQa7LKUGCAqa9qqdb,3793797
352,6ohaQzKaXrobAL8paLSaxq,Salim–Sulaiman,https://i.scdn.co/image/ab6761610000e5eb13a6f2195deea1f736d046e4,"['filmi', 'indian folk', 'modern bollywood']",65,https://api.spotify.com/v1/artists/6ohaQzKaXrobAL8paLSaxq,1577927
353,0JvUFDnuWPbuyRa6ptVkLk,Marcell,https://i.scdn.co/image/ab6761610000e5ebcb7edb7ffe58926fbee7e041,"['indonesian jazz', 'indonesian pop', 'jazz pop']",55,https://api.spotify.com/v1/artists/0JvUFDnuWPbuyRa6ptVkLk,516554
354,78WaEUeSjw3KIq1YVb4ROk,Incesaz,https://i.scdn.co/image/ab6761610000e5eb139b532378daaaeb44c2c07d,"['turkish folk', 'turkish jazz', 'turkish rock']",44,https://api.spotify.com/v1/artists/78WaEUeSjw3KIq1YVb4ROk,121437
355,0y59o4v8uw5crbN9M3JiL1,Badshah,https://i.scdn.co/image/ab6761610000e5eb6f3059396dc9da4811440bbe,"['desi hip hop', 'desi pop', 'desi trap', 'filmi', 'modern bollywood']",76,https://api.spotify.com/v1/artists/0y59o4v8uw5crbN9M3JiL1,23972730
356,2iDVt6mFbtbDEZG5ax0dTi,Tulus,https://i.scdn.co/image/ab6761610000e5ebb2dac5833519e3b4e5f7efdb,"['indonesian jazz', 'indonesian pop', 'indonesian singer-songwriter']",76,https://api.spotify.com/v1/artists/2iDVt6mFbtbDEZG5ax0dTi,10755030
357,31TPClRtHm23RisEBtV3X7,Justin Timberlake,https://i.scdn.co/image/ab6761610000e5eb9d3f9efc8e0030306e583cef,"['dance pop', 'pop']",80,https://api.spotify.com/v1/artists/31TPClRtHm23RisEBtV3X7,12811079
358,5FXMkwsloHI5c05GIkWpuK,Kadim Al Sahir,https://i.scdn.co/image/ab67616d0000b273212db5c167e78aac54553d2e,"['arab pop', 'khaleeji iraqi']",42,https://api.spotify.com/v1/artists/5FXMkwsloHI5c05GIkWpuK,822929
359,4HHdjvdn30koo54zQ6QeF5,Ungu,https://i.scdn.co/image/ab6761610000e5eba2a9813d741a6bdb31bbf79c,['indonesian pop'],63,https://api.spotify.com/v1/artists/4HHdjvdn30koo54zQ6QeF5,2194469
360,6bb9VI1PpPTEmdgcgjTppX,Mohamed Hamaki,https://i.scdn.co/image/ab6761610000e5eb67966f3124173d2c9aee9fbf,"['arab pop', 'egyptian pop']",53,https://api.spotify.com/v1/artists/6bb9VI1PpPTEmdgcgjTppX,3701056
361,5LUxu287CsPM7jy3yS3l86,Şanışer,https://i.scdn.co/image/ab6761610000e5eb655759d93a8fdc582afc3565,['turkish hip hop'],62,https://api.spotify.com/v1/artists/5LUxu287CsPM7jy3yS3l86,1094384
362,0sSxphmGskGCKlwB9xa6WU,Himesh Reshammiya,https://i.scdn.co/image/ab6761610000e5eb2cfc402fa29cd2949023a8bf,"['desi pop', 'filmi', 'modern bollywood']",66,https://api.spotify.com/v1/artists/0sSxphmGskGCKlwB9xa6WU,7512079
363,5TTV6plK4r2BDMUyyl7cC9,Alka Yagnik & Arvind Hasabnish,,[],0,https://api.spotify.com/v1/artists/5TTV6plK4r2BDMUyyl7cC9,516
364,0qpsFfOT3SmdGmnyV6rOhS,Meet Bros.,https://i.scdn.co/image/ab6761610000e5eb3ed0aad1552bbe118af326dd,"['desi pop', 'filmi', 'modern bollywood']",65,https://api.spotify.com/v1/artists/0qpsFfOT3SmdGmnyV6rOhS,1451157
365,4OihBPCQzR4GfbzqOY69Xm,Jacques Offenbach,https://i.scdn.co/image/397c307dfd4e9aec9fe266ead8de89a28408ca99,"['classical', 'french opera', 'french romanticism', 'german romanticism', 'late romantic era', 'operetta']",51,https://api.spotify.com/v1/artists/4OihBPCQzR4GfbzqOY69Xm,94368
366,3hJv5p2HwekJysNB2NDnEC,André Rieu,https://i.scdn.co/image/ab6761610000e5eb163afca22a9c918bfcedbd09,"['easy listening', 'operatic pop', 'pop violin']",61,https://api.spotify.com/v1/artists/3hJv5p2HwekJysNB2NDnEC,998545
367,2vFXOKUQ2uhI9D8vKozoK6,Asmahan,https://i.scdn.co/image/ab67616d0000b2735e386e1555ec2cc9b24b2642,['classic arab pop'],26,https://api.spotify.com/v1/artists/2vFXOKUQ2uhI9D8vKozoK6,30243
368,04gDigrS5kc9YWfZHwBETP,Maroon 5,https://i.scdn.co/image/ab6761610000e5eb288ac05481cedc5bddb5b11b,"['dance pop', 'pop']",86,https://api.spotify.com/v1/artists/04gDigrS5kc9YWfZHwBETP,40211814
369,3KNZ9AOjBajjmr6ZR2VGfl,Il Divo,https://i.scdn.co/image/ab6761610000e5ebd1ca9c3263001d360452b88e,['operatic pop'],58,https://api.spotify.com/v1/artists/3KNZ9AOjBajjmr6ZR2VGfl,805727
370,4vRnvRld46Z0TyLZ9xi5xE,5566,https://i.scdn.co/image/ab67616d0000b27374e9c5f843cd5be1ff99e928,"['mandopop', 'taiwan idol pop']",32,https://api.spotify.com/v1/artists/4vRnvRld46Z0TyLZ9xi5xE,32240
371,4q1gKbNxsvzHLkUYVV6Zin,Tompi featuring Gita Wirjawa,,['indonesian r&b'],17,https://api.spotify.com/v1/artists/4q1gKbNxsvzHLkUYVV6Zin,199
372,4CflzQprp6nZxKiv0t78tH,Mohamed Ramadan,https://i.scdn.co/image/ab6761610000e5eb84aa286d8ec37441da6800ca,"['egyptian pop', 'mahraganat']",54,https://api.spotify.com/v1/artists/4CflzQprp6nZxKiv0t78tH,1092217
373,1m7Yt3zG3ko6zAGaY2BVVt,Elfa's Singers,https://i.scdn.co/image/ab67616d0000b2735cce2d6d4384d97feb6a8ad9,"['classic indo pop', 'indonesian city pop', 'indonesian jazz']",29,https://api.spotify.com/v1/artists/1m7Yt3zG3ko6zAGaY2BVVt,13426
374,4BKC2HOGEqtYz2Xbgp9N1q,Wegz,https://i.scdn.co/image/ab6761610000e5eb185a8c7cf90489ccd67cc501,"['egyptian hip hop', 'egyptian trap']",58,https://api.spotify.com/v1/artists/4BKC2HOGEqtYz2Xbgp9N1q,3054858
375,1IJJoAyxznu3orwXhlt3XO,Toni Qattan,https://i.scdn.co/image/ab6761610000e5eba3c4be5bc7a63772f802517d,"['arab pop', 'jordanian pop', 'palestinian pop']",39,https://api.spotify.com/v1/artists/1IJJoAyxznu3orwXhlt3XO,66982
376,5WCHc16VvzVCmBKH70CYfw,Moein,https://i.scdn.co/image/8cd5519bf9c7b8a35233235582d4d3cb1d5f66ab,"['afghan pop', 'classic persian pop']",45,https://api.spotify.com/v1/artists/5WCHc16VvzVCmBKH70CYfw,135545
377,6IW026WCYU8L1WF79dfwss,Abdel Halim Hafez,https://i.scdn.co/image/ab6761610000e5eb8a09ed6b6710081bace4da41,['classic arab pop'],47,https://api.spotify.com/v1/artists/6IW026WCYU8L1WF79dfwss,1079669
378,3TOhzLRYnkkul71yRBxIoM,Akhil Sachdeva,https://i.scdn.co/image/ab6761610000e5ebb941c0e36b3add2f0cc0d996,"['desi pop', 'filmi', 'modern bollywood']",62,https://api.spotify.com/v1/artists/3TOhzLRYnkkul71yRBxIoM,318248
379,5DKMxoSsZBKkZG22hJHbfq,Leila Forouhar,https://i.scdn.co/image/ab6761610000e5eb2a859fb8d1112a40a9148e5a,"['afghan pop', 'classic persian pop']",39,https://api.spotify.com/v1/artists/5DKMxoSsZBKkZG22hJHbfq,52945
380,64LCTpIu9Iji2EPaxxPpxF,Joe Dassin,https://i.scdn.co/image/ab6761610000e5eb78c62552534c9f2cf9151f8c,"['chanson', 'chanson paillarde']",60,https://api.spotify.com/v1/artists/64LCTpIu9Iji2EPaxxPpxF,447169
381,1mYsTxnqsietFxj1OgoGbG,A.R. Rahman,https://i.scdn.co/image/ab6761610000e5ebb19af0ea736c6228d6eb539c,['filmi'],81,https://api.spotify.com/v1/artists/1mYsTxnqsietFxj1OgoGbG,31779218
382,2lajUvMmBobcYqf10y1yGi,金喜善,https://i.scdn.co/image/ab67616d0000b273a43aa52222d76364bbcbe2ab,[],33,https://api.spotify.com/v1/artists/2lajUvMmBobcYqf10y1yGi,502
383,6fAg4jVV9zANHej0mzaMG6,Mireille Mathieu,https://i.scdn.co/image/18363744986f9b541ce0cd14c12ea1d514d689e7,[],45,https://api.spotify.com/v1/artists/6fAg4jVV9zANHej0mzaMG6,107426
